#;Name;Team;G;PA;HR;R;RBI;SB;BB%;K%;ISO;BABIP;AVG;OBP;SLG;wOBA;wRC+;BsR;Off;Def;WAR
1;Matt Chapman;TOR;26;109;5;17;20;1;12.8%;22.9%;.319;.469;.372;.459;.691;.479;214;-0.4;14.5;0.8;1.9
2;Sean Murphy;ATL;22;91;6;16;16;0;17.6%;24.2%;.342;.311;.274;.418;.616;.434;175;-0.3;8.1;4.1;1.5
3;Thairo Estrada;SFG;25;108;4;19;10;7;4.6%;20.4%;.190;.405;.340;.389;.530;.395;154;1.0;8.2;3.1;1.5
4;Mike Trout;LAA;26;120;7;20;18;0;10.8%;28.3%;.288;.406;.317;.400;.606;.423;172;0.0;10.4;0.4;1.5
5;Ronald Acuña Jr.;ATL;26;119;4;23;14;12;13.4%;15.1%;.206;.400;.353;.445;.559;.429;172;1.6;12.1;-1.3;1.5
6;Max Muncy;LAD;23;93;11;18;22;1;23.7%;24.7%;.486;.194;.257;.441;.743;.475;206;0.1;12.3;-0.8;1.5
7;Brent Rooker;OAK;21;85;9;14;22;0;16.5%;17.6%;.433;.333;.358;.471;.791;.506;236;-0.3;13.6;-2.0;1.4
8;Wander Franco;TBR;26;117;4;16;16;6;7.7%;17.1%;.226;.329;.292;.359;.519;.372;144;0.2;6.4;3.1;1.3
9;Brandon Marsh;PHI;26;94;4;16;13;1;13.8%;28.7%;.296;.440;.321;.415;.617;.433;175;0.5;9.2;0.4;1.3
10;Jorge Mateo;BAL;22;78;6;19;16;8;6.4%;15.4%;.333;.321;.333;.377;.667;.429;181;1.6;9.1;0.6;1.2
11;James Outman;LAD;27;101;6;14;18;4;8.9%;32.7%;.311;.392;.289;.366;.600;.405;159;0.7;8.1;0.8;1.2
12;Randy Arozarena;TBR;27;121;7;21;27;3;8.3%;24.0%;.255;.389;.330;.397;.585;.413;172;-0.2;10.3;-2.2;1.2
13;Jonah Heim;TEX;22;84;5;14;20;0;11.9%;16.7%;.292;.296;.292;.381;.583;.405;159;-0.2;5.8;3.3;1.2
14;Xander Bogaerts;SDP;27;117;6;20;12;1;12.8%;13.7%;.200;.295;.290;.393;.490;.384;148;-0.2;6.7;1.2;1.2
15;Yandy Díaz;TBR;25;109;7;23;16;0;12.8%;13.8%;.272;.324;.326;.422;.598;.431;184;-0.7;10.3;-2.1;1.2
16;Cody Bellinger;CHC;23;101;7;22;18;4;8.9%;15.8%;.318;.299;.307;.376;.625;.415;164;0.6;8.6;-0.3;1.2
17;Josh Lowe;TBR;21;83;5;17;18;5;8.4%;20.5%;.289;.389;.342;.398;.632;.433;186;0.9;9.5;-0.8;1.1
18;Nico Hoerner;CHC;26;124;2;20;17;10;5.6%;9.7%;.113;.353;.330;.371;.443;.354;123;1.3;4.9;2.3;1.1
19;Jarred Kelenic;SEA;24;94;7;14;14;4;9.6%;25.5%;.321;.352;.310;.372;.631;.417;175;0.9;9.3;-1.0;1.1
20;Geraldo Perdomo;ARI;21;69;2;14;16;1;8.7%;18.8%;.237;.477;.390;.455;.627;.459;193;0.2;8.1;0.8;1.1
21;Luis Arraez;MIA;23;94;1;11;10;1;10.6%;4.3%;.110;.449;.439;.500;.549;.446;184;-0.5;9.3;-1.4;1.1
22;Brandon Nimmo;NYM;24;107;2;15;10;3;14.0%;15.0%;.125;.394;.341;.443;.466;.400;158;0.1;7.8;-0.4;1.1
23;Jack Suwinski;PIT;21;80;6;10;18;5;17.5%;28.7%;.359;.351;.297;.413;.656;.438;177;0.6;8.3;-0.2;1.1
24;Corbin Carroll;ARI;26;100;4;19;9;10;8.0%;24.0%;.233;.387;.311;.380;.544;.394;149;1.7;7.8;-0.9;1.0
25;Austin Hays;BAL;25;97;4;17;11;1;8.2%;23.7%;.239;.403;.330;.381;.568;.401;161;-0.1;7.0;-0.2;1.0
26;Jeff McNeil;NYM;25;105;1;11;8;2;14.3%;7.6%;.128;.325;.302;.429;.430;.383;147;0.1;6.2;0.3;1.0
27;Paul Goldschmidt;STL;27;121;4;16;13;2;13.2%;13.2%;.202;.321;.298;.397;.500;.388;148;0.2;7.3;-1.4;1.0
28;Adam Duvall;BOS;7;32;4;10;13;0;9.4%;9.4%;.655;.455;.483;.531;1.138;.669;339;0.0;9.1;-0.4;1.0
29;Dansby Swanson;CHC;25;115;1;16;6;3;18.3%;23.5%;.064;.364;.266;.400;.330;.338;113;0.2;2.1;3.7;1.0
30;Taylor Walls;TBR;19;72;4;17;10;5;12.5%;19.4%;.274;.341;.306;.403;.581;.417;175;1.1;7.6;-0.5;1.0
31;LaMonte Wade Jr.;SFG;24;90;5;10;8;1;21.1%;21.1%;.299;.279;.254;.438;.552;.425;173;-0.1;8.0;-1.9;0.9
32;Cedric Mullins;BAL;27;111;3;11;20;9;13.5%;17.1%;.181;.292;.255;.358;.436;.347;124;2.0;5.2;0.1;0.9
33;Marcus Semien;TEX;27;123;5;24;23;3;11.4%;17.1%;.196;.280;.262;.344;.458;.346;119;0.1;2.9;1.9;0.9
34;Brandon Lowe;TBR;24;96;7;20;18;1;12.5%;30.2%;.298;.271;.238;.333;.536;.367;140;0.2;4.8;0.9;0.9
35;Connor Joe;PIT;24;93;4;18;11;1;11.8%;24.7%;.288;.358;.288;.387;.575;.406;156;-0.5;6.0;-0.3;0.9
36;Bryan Reynolds;PIT;26;111;5;17;22;5;5.4%;17.1%;.263;.338;.323;.351;.586;.385;142;0.9;6.6;-1.7;0.9
37;Bryson Stott;PHI;27;124;2;9;9;3;4.0%;17.7%;.109;.379;.319;.347;.429;.337;111;0.2;1.8;2.7;0.9
38;Matt Olson;ATL;26;117;8;19;25;0;15.4%;35.0%;.316;.327;.245;.368;.561;.392;147;0.0;6.8;-2.1;0.9
39;Willy Adames;MIL;27;117;5;16;15;2;14.5%;26.5%;.196;.286;.237;.345;.433;.338;111;-0.2;1.4;3.2;0.9
40;Harold Ramírez;TBR;20;79;5;12;11;0;8.9%;17.7%;.296;.365;.338;.405;.634;.437;188;-0.3;8.1;-2.3;0.8
41;J.D. Davis;SFG;23;91;6;10;17;0;6.6%;27.5%;.247;.353;.296;.363;.543;.384;147;-0.4;4.8;0.6;0.8
42;Jason Delay;PIT;14;47;1;7;8;0;6.4%;10.6%;.220;.417;.390;.435;.610;.439;178;-0.2;4.3;2.4;0.8
43;Freddie Freeman;LAD;27;120;4;20;9;4;12.5%;16.7%;.173;.333;.298;.383;.471;.368;134;0.4;5.5;-1.3;0.8
44;Anthony Rizzo;NYY;27;115;5;13;13;0;8.7%;21.7%;.202;.329;.283;.374;.485;.371;141;-1.1;4.5;-0.4;0.8
45;Patrick Wisdom;CHC;24;98;10;20;20;0;8.2%;33.7%;.404;.283;.258;.327;.663;.408;159;-0.1;7.1;-2.5;0.8
46;Jeremy Peña;HOU;26;114;6;20;16;5;4.4%;23.7%;.238;.264;.238;.292;.476;.327;109;1.4;2.6;1.4;0.8
47;Alejandro Kirk;TOR;20;74;2;8;8;0;20.3%;14.9%;.123;.311;.281;.432;.404;.373;141;-1.2;2.4;3.0;0.8
48;Adolis García;TEX;26;114;8;23;28;1;7.9%;22.8%;.277;.257;.257;.316;.535;.354;124;0.2;3.5;0.5;0.8
49;Bo Bichette;TOR;27;121;6;16;17;0;5.0%;14.9%;.193;.311;.298;.339;.491;.356;129;-1.1;3.2;0.6;0.8
50;Cal Raleigh;SEA;22;88;5;14;16;0;11.4%;35.2%;.269;.310;.231;.318;.500;.344;123;-0.3;2.1;2.6;0.8
51;Pete Alonso;NYM;25;107;9;19;24;0;9.3%;24.3%;.299;.274;.268;.336;.567;.381;145;-0.2;5.7;-1.6;0.8
52;José Ramírez;CLE;26;115;3;13;17;5;13.0%;10.4%;.184;.294;.286;.374;.469;.348;124;0.1;3.4;0.4;0.8
53;Josh Jung;TEX;25;104;6;17;21;1;5.8%;31.7%;.237;.362;.278;.327;.515;.358;127;-0.3;3.1;1.0;0.8
54;Francisco Lindor;NYM;25;108;4;18;20;2;8.3%;25.0%;.242;.266;.221;.315;.463;.335;114;0.3;2.2;1.7;0.8
55;Joey Gallo;MIN;18;63;7;12;14;0;14.3%;33.3%;.491;.200;.226;.349;.717;.432;182;0.1;6.3;-0.9;0.7
56;William Contreras;MIL;21;85;1;8;7;0;12.9%;15.3%;.108;.350;.297;.388;.405;.353;121;-0.4;1.9;2.7;0.7
57;Tommy Edman;STL;26;93;4;13;10;3;10.8%;14.0%;.222;.266;.259;.348;.481;.353;124;0.0;2.8;1.5;0.7
58;Alex Verdugo;BOS;28;124;4;20;17;1;8.1%;13.7%;.161;.330;.304;.371;.464;.363;127;0.1;4.1;-0.9;0.7
59;Adley Rutschman;BAL;27;121;3;11;13;0;17.4%;14.0%;.122;.275;.255;.380;.378;.334;115;-0.7;1.5;1.8;0.7
60;Jarren Duran;BOS;13;53;1;8;10;2;5.7%;22.6%;.250;.486;.396;.415;.646;.438;179;0.9;5.9;-0.5;0.7
61;Ian Happ;CHC;25;112;2;11;14;4;15.2%;21.4%;.160;.362;.287;.393;.447;.364;130;0.3;4.5;-1.2;0.7
62;Shohei Ohtani;LAA;27;120;7;18;18;5;8.3%;20.0%;.255;.316;.292;.350;.547;.379;142;-0.1;5.9;-2.9;0.7
63;Andrés Giménez;CLE;25;104;2;18;6;5;5.8%;20.2%;.141;.304;.250;.330;.391;.315;102;0.7;0.9;2.6;0.7
64;Hunter Renfroe;LAA;27;116;7;20;20;0;9.5%;19.8%;.269;.280;.269;.336;.538;.368;135;-0.4;4.4;-1.3;0.7
65;Kyle Tucker;HOU;26;111;4;8;18;4;13.5%;14.4%;.161;.307;.290;.382;.452;.359;131;0.8;4.9;-1.6;0.7
66;Vladimir Guerrero Jr.;TOR;27;121;5;20;12;2;10.7%;11.6%;.189;.310;.302;.388;.491;.381;147;-0.3;6.4;-3.7;0.7
67;TJ Friedl;CIN;27;101;2;9;11;2;5.9%;19.8%;.135;.382;.315;.361;.449;.350;115;1.0;2.8;0.7;0.7
68;Mike Yastrzemski;SFG;24;100;5;16;14;0;5.0%;22.0%;.234;.343;.298;.340;.532;.371;137;-0.8;3.8;-0.3;0.7
69;Jake Burger;CHW;21;72;7;11;14;0;9.7%;29.2%;.419;.229;.242;.333;.661;.406;161;0.1;5.4;-1.0;0.7
70;Nolan Gorman;STL;25;99;6;7;22;2;11.1%;27.3%;.264;.309;.264;.343;.529;.369;135;-0.5;3.7;-0.8;0.6
71;Steven Kwan;CLE;26;120;0;14;6;7;13.3%;10.0%;.049;.315;.282;.375;.330;.314;101;1.2;1.3;0.7;0.6
72;Juan Soto;SDP;27;118;5;19;11;1;22.0%;24.6%;.196;.259;.217;.390;.413;.351;126;0.0;3.7;-1.7;0.6
73;Isaac Paredes;TBR;25;98;4;16;19;0;5.1%;20.4%;.191;.308;.270;.337;.461;.345;125;-0.4;2.6;0.0;0.6
74;Austin Riley;ATL;26;112;5;17;14;0;10.7%;30.4%;.196;.333;.258;.339;.454;.341;112;0.1;1.8;0.3;0.6
75;Christian Bethancourt;TBR;16;63;5;12;11;0;6.3%;27.0%;.328;.270;.259;.302;.586;.366;139;-0.3;2.7;0.9;0.6
76;Anthony Volpe;NYY;28;105;2;11;8;7;14.3%;28.6%;.122;.310;.222;.333;.344;.306;95;1.5;0.8;1.3;0.6
77;Julio Rodríguez;SEA;25;114;5;17;12;6;7.0%;27.2%;.202;.294;.240;.307;.442;.323;109;-0.2;1.1;0.7;0.6
78;Byron Buxton;MIN;25;103;7;18;17;0;9.7%;32.0%;.293;.302;.250;.320;.543;.362;133;0.6;4.7;-2.6;0.6
79;Alex Bregman;HOU;26;119;3;15;12;0;16.8%;10.9%;.133;.244;.235;.370;.367;.334;113;-0.7;1.2;0.4;0.6
80;Jazz Chisholm Jr.;MIA;26;107;4;10;12;11;6.5%;35.5%;.163;.375;.255;.311;.418;.317;97;2.0;1.5;0.4;0.6
81;Carlos Santana;PIT;25;107;2;14;16;3;11.2%;15.9%;.160;.329;.287;.364;.447;.352;120;0.4;3.0;-1.2;0.5
82;Vinnie Pasquantino;KCR;28;117;5;13;10;0;12.0%;12.8%;.228;.296;.287;.379;.515;.379;139;-1.0;4.5;-3.1;0.5
83;Ryan Noda;OAK;25;85;3;16;6;1;21.2%;35.3%;.194;.382;.239;.400;.433;.370;142;-0.2;4.1;-1.6;0.5
84;Corey Seager;TEX;10;44;1;5;4;0;15.9%;15.9%;.194;.414;.361;.455;.556;.430;177;-0.3;3.8;0.2;0.5
85;Yan Gomes;CHC;17;66;5;10;12;1;1.5%;12.1%;.254;.294;.317;.333;.571;.379;140;0.0;3.3;-0.1;0.5
86;Nick Castellanos;PHI;28;117;4;21;17;0;8.5%;23.1%;.196;.382;.308;.368;.505;.375;136;-1.2;4.0;-2.6;0.5
87;J.P. Crawford;SEA;26;96;1;13;9;1;16.7%;20.8%;.127;.310;.241;.368;.367;.332;116;0.1;1.9;0.0;0.5
88;Alex Call;WSN;24;99;2;12;10;2;15.2%;19.2%;.098;.306;.256;.374;.354;.330;106;-0.3;0.5;1.3;0.5
89;Michael A. Taylor;MIN;25;89;4;11;11;3;4.5%;32.6%;.183;.327;.244;.295;.427;.312;99;0.8;0.6;1.4;0.5
90;Orlando Arcia;ATL;12;45;2;9;6;0;6.7%;20.0%;.195;.400;.341;.400;.537;.403;154;-0.2;2.8;0.7;0.5
91;Whit Merrifield;TOR;20;80;0;9;10;4;6.3%;15.0%;.097;.387;.333;.375;.431;.349;124;0.4;2.7;-0.5;0.5
92;Jake Rogers;DET;18;56;3;6;8;0;14.3%;33.9%;.234;.280;.213;.339;.447;.343;118;-0.4;0.8;2.2;0.5
93;Chas McCormick;HOU;11;48;2;7;9;4;12.5%;25.0%;.225;.346;.275;.383;.500;.382;146;0.7;3.3;-0.1;0.5
94;Jonathan India;CIN;27;117;1;20;11;5;12.8%;14.5%;.103;.321;.278;.385;.381;.343;110;0.7;2.1;-1.2;0.5
95;Yordan Alvarez;HOU;20;90;5;12;23;0;13.3%;25.6%;.240;.313;.267;.378;.507;.376;142;-0.8;3.8;-2.0;0.5
96;Rowdy Tellez;MIL;24;95;8;14;20;0;11.6%;23.2%;.317;.241;.256;.337;.573;.374;136;-0.6;3.7;-2.1;0.5
97;Elias Díaz;COL;24;83;2;10;11;0;7.2%;15.7%;.158;.393;.342;.398;.500;.389;131;-0.4;2.8;-0.8;0.5
98;Aaron Judge;NYY;25;104;5;17;12;2;13.5%;31.7%;.227;.327;.250;.346;.477;.348;125;-0.6;2.5;-1.3;0.5
99;Luke Raley;TBR;20;68;7;9;14;0;5.9%;35.3%;.400;.200;.217;.294;.617;.373;144;-0.3;3.3;-0.9;0.5
100;Edmundo Sosa;PHI;21;62;3;6;7;1;1.6%;30.6%;.237;.395;.305;.323;.542;.363;128;-0.1;2.0;0.6;0.5
101;Rodolfo Castro;PIT;26;91;3;10;12;1;11.0%;24.2%;.182;.358;.286;.385;.468;.371;132;-0.9;2.8;-1.2;0.5
102;Matt Carpenter;SDP;19;61;3;6;15;0;16.4%;27.9%;.313;.333;.271;.393;.583;.405;162;-0.3;4.4;-1.8;0.5
103;J.D. Martinez;LAD;21;90;4;13;14;0;6.7%;28.9%;.313;.327;.263;.322;.575;.370;135;-0.2;3.8;-2.2;0.5
104;Mauricio Dubón;HOU;22;98;0;18;4;2;3.1%;9.2%;.086;.341;.312;.337;.398;.319;103;0.4;0.7;0.5;0.5
105;Kevin Kiermaier;TOR;22;74;1;7;8;1;5.4%;24.3%;.147;.347;.265;.315;.412;.315;101;0.3;0.4;1.6;0.5
106;Will Smith;LAD;12;52;3;11;9;0;11.5%;9.6%;.279;.216;.256;.346;.535;.366;133;-0.1;2.0;0.8;0.5
107;Mike Zunino;CLE;17;62;2;5;6;0;14.5%;37.1%;.250;.407;.250;.371;.500;.375;143;-0.6;2.5;-0.1;0.5
108;Mookie Betts;LAD;25;110;3;15;10;1;12.7%;19.1%;.179;.282;.242;.345;.421;.337;113;-0.3;1.5;-0.6;0.5
109;Jake Cronenworth;SDP;26;107;3;15;14;1;9.3%;20.6%;.226;.271;.237;.318;.462;.331;112;0.5;2.2;-1.4;0.4
110;Ramón Laureano;OAK;16;65;2;6;4;2;7.7%;23.1%;.224;.317;.259;.338;.483;.352;130;-0.1;2.2;0.0;0.4
111;Jason Heyward;LAD;22;62;3;11;7;1;14.5%;17.7%;.240;.243;.240;.350;.480;.355;126;0.1;2.0;0.3;0.4
112;Bobby Witt Jr.;KCR;28;120;4;17;10;7;4.2%;20.0%;.174;.253;.226;.258;.400;.281;72;1.7;-2.3;2.6;0.4
113;Myles Straw;CLE;25;96;0;10;7;7;10.4%;17.7%;.036;.348;.277;.362;.313;.309;97;1.3;1.0;0.1;0.4
114;Ketel Marte;ARI;24;99;3;15;8;1;4.0%;16.2%;.217;.284;.261;.303;.478;.330;106;0.1;0.9;0.1;0.4
115;Jake Meyers;HOU;22;67;2;6;8;0;6.0%;26.9%;.145;.381;.290;.343;.435;.339;117;-0.3;1.0;1.0;0.4
116;Nathaniel Lowe;TEX;27;120;4;19;18;0;10.0%;20.8%;.208;.295;.255;.333;.462;.342;115;-0.8;1.4;-1.3;0.4
117;Rafael Devers;BOS;27;118;10;18;26;0;6.8%;20.3%;.336;.187;.224;.280;.561;.340;111;-0.6;0.9;-0.8;0.4
118;Travis Jankowski;TEX;20;61;0;10;5;5;11.5%;19.7%;.094;.390;.302;.393;.396;.352;123;0.5;2.1;-0.1;0.4
119;Trent Grisham;SDP;26;107;4;11;11;0;14.0%;29.0%;.211;.255;.200;.321;.411;.321;106;-0.9;-0.1;0.7;0.4
120;Zach McKinstry;DET;20;63;2;8;4;4;6.3%;25.4%;.190;.350;.276;.323;.466;.338;115;0.4;1.6;0.4;0.4
121;Ke'Bryan Hayes;PIT;27;115;1;18;9;3;8.7%;9.6%;.144;.258;.240;.304;.385;.299;84;-0.6;-2.8;3.0;0.4
122;Lars Nootbaar;STL;14;59;2;7;6;2;22.0%;25.4%;.152;.310;.239;.407;.391;.350;122;0.4;2.0;0.0;0.4
123;Victor Caratini;MIL;10;36;1;4;4;0;16.7%;16.7%;.103;.364;.310;.444;.414;.388;145;-0.4;1.6;1.2;0.4
124;Gabriel Moreno;ARI;20;70;1;5;13;0;2.9%;21.4%;.104;.385;.313;.329;.418;.321;100;-0.5;-0.5;2.2;0.4
125;Paul DeJong;STL;7;24;2;4;4;0;4.2%;25.0%;.348;.400;.348;.375;.696;.447;187;-0.1;2.5;0.7;0.4
126;Nelson Velázquez;CHC;8;23;3;7;6;0;13.0%;13.0%;.550;.286;.350;.435;.900;.537;246;0.4;4.6;-1.3;0.4
127;Sam Hilliard;ATL;19;59;3;9;6;3;8.5%;42.4%;.241;.500;.296;.356;.537;.380;138;-0.4;2.4;-0.5;0.4
128;Garrett Mitchell;MIL;15;58;3;9;6;1;6.9%;37.9%;.222;.414;.278;.328;.500;.352;121;0.3;1.8;0.1;0.4
129;Brian Anderson;MIL;27;109;5;16;20;0;9.2%;30.3%;.208;.317;.250;.321;.458;.333;108;-0.5;0.5;-0.4;0.4
130;Josh Rojas;ARI;22;93;0;15;16;3;6.5%;20.4%;.095;.373;.298;.337;.393;.317;97;0.6;0.3;0.4;0.4
131;Max Kepler;MIN;17;67;3;11;8;0;7.5%;20.9%;.228;.286;.263;.343;.491;.354;128;-0.8;1.4;0.1;0.4
132;Shea Langeliers;OAK;24;95;6;13;16;0;4.2%;27.4%;.250;.250;.227;.284;.477;.320;107;0.1;0.9;-0.4;0.4
133;Gleyber Torres;NYY;27;108;3;13;8;4;14.8%;14.8%;.154;.260;.242;.352;.396;.330;112;-1.1;0.5;-0.4;0.4
134;Nelson Cruz;SDP;18;65;3;7;16;1;1.5%;29.2%;.242;.415;.323;.338;.565;.378;144;0.0;3.5;-1.9;0.4
135;Ozzie Albies;ATL;26;106;7;12;22;0;5.7%;17.0%;.255;.230;.245;.292;.500;.330;105;0.2;0.9;-0.8;0.4
136;Joey Wiemer;MIL;27;94;2;9;7;3;10.6%;22.3%;.143;.279;.226;.309;.369;.299;86;0.2;-1.5;1.9;0.4
137;Jose Trevino;NYY;16;58;2;4;8;0;3.4%;12.1%;.143;.234;.232;.259;.375;.273;72;-0.5;-2.4;4.0;0.4
138;Gunnar Henderson;BAL;22;87;2;14;4;1;17.2%;31.0%;.127;.286;.197;.345;.324;.309;97;0.4;0.2;0.5;0.4
139;Brandon Drury;LAA;26;98;5;12;17;0;5.1%;31.6%;.244;.304;.244;.286;.489;.324;103;-0.8;-0.4;0.6;0.4
140;DJ LeMahieu;NYY;24;95;3;13;10;0;8.4%;26.3%;.202;.316;.250;.326;.452;.334;115;-1.1;0.6;-0.4;0.4
141;Matt Duffy;KCR;16;45;1;4;4;0;6.7%;22.2%;.143;.452;.357;.400;.500;.390;147;-0.3;2.3;-0.3;0.3
142;Miguel Andujar;PIT;3;10;2;2;6;0;20.0%;10.0%;.750;.400;.500;.600;1.250;.717;364;0.0;3.2;-0.1;0.3
143;Edward Olivares;KCR;22;87;2;12;8;3;5.7%;19.5%;.198;.355;.296;.345;.494;.354;122;0.7;3.0;-2.6;0.3
144;Esteury Ruiz;OAK;28;119;0;10;11;11;3.4%;16.8%;.049;.313;.252;.336;.301;.294;89;1.8;0.3;-1.0;0.3
145;Jeimer Candelario;WSN;26;116;4;12;14;0;5.2%;19.8%;.170;.272;.245;.293;.415;.304;88;-0.3;-1.9;1.4;0.3
146;Willson Contreras;STL;26;100;2;10;11;2;11.0%;18.0%;.138;.309;.264;.350;.402;.331;109;-0.3;0.8;-0.9;0.3
147;Eugenio Suárez;SEA;26;114;2;10;15;0;8.8%;30.7%;.090;.344;.240;.325;.330;.295;90;-0.9;-2.2;1.6;0.3
148;Cristian Pache;PHI;18;26;1;2;4;0;0.0%;23.1%;.240;.444;.360;.360;.600;.406;157;0.2;2.0;0.4;0.3
149;Matt Vierling;DET;23;85;1;7;8;3;7.1%;27.1%;.115;.407;.295;.353;.410;.335;113;-0.9;0.4;0.0;0.3
150;Stuart Fairchild;CIN;24;60;1;11;5;2;15.0%;26.7%;.174;.300;.217;.373;.391;.342;109;0.2;0.9;0.3;0.3
151;Manny Machado;SDP;26;110;4;12;10;2;6.4%;23.6%;.165;.274;.233;.282;.398;.294;87;0.0;-1.7;1.2;0.3
152;Blake Sabol;SFG;19;63;5;9;10;2;4.8%;42.9%;.259;.346;.241;.302;.500;.341;118;0.4;1.8;-0.7;0.3
153;Jorge Polanco;MIN;9;39;2;4;9;0;0.0%;25.6%;.256;.407;.333;.333;.590;.389;152;-0.1;2.3;-0.5;0.3
154;Andrew Vaughn;CHW;27;118;3;12;18;0;11.0%;18.6%;.176;.299;.255;.356;.431;.346;120;-0.9;1.9;-2.8;0.3
155;Christian Vázquez;MIN;19;69;0;9;6;0;11.6%;27.5%;.049;.357;.246;.333;.295;.288;82;-0.8;-2.3;3.0;0.3
156;Nicky Lopez;KCR;24;67;0;5;7;2;11.9%;17.9%;.091;.256;.200;.323;.291;.285;74;0.5;-1.6;2.4;0.3
157;Yasmani Grandal;CHW;23;85;2;7;8;0;9.4%;23.5%;.187;.302;.240;.329;.427;.330;109;-0.8;0.1;0.0;0.3
158;Ryan McMahon;COL;26;103;4;12;13;0;10.7%;35.9%;.209;.353;.242;.320;.451;.331;92;-0.7;-1.7;1.2;0.3
159;Henry Ramos;CIN;6;26;0;6;3;0;15.4%;7.7%;.091;.450;.409;.500;.500;.439;174;-0.1;2.3;-0.3;0.3
160;Jesús Aguilar;OAK;22;78;5;7;9;0;5.1%;24.4%;.239;.313;.282;.325;.521;.357;133;-1.1;2.0;-1.9;0.3
161;Logan O'Hoppe;LAA;15;56;4;5;12;0;7.1%;26.8%;.280;.313;.280;.339;.560;.376;140;-0.3;2.3;-1.5;0.3
162;Zack Short;DET;3;7;1;2;1;0;14.3%;14.3%;.500;.750;.667;.714;1.167;.764;410;-0.1;2.5;-0.1;0.3
163;Emmanuel Rivera;ARI;5;16;0;3;3;0;0.0%;12.5%;.125;.571;.500;.500;.625;.486;211;-0.1;2.1;0.0;0.3
164;Daulton Varsho;TOR;26;107;2;12;4;4;11.2%;24.3%;.097;.246;.194;.299;.290;.271;70;1.1;-2.7;1.7;0.3
165;Adam Haseley;CHW;7;13;0;4;2;0;15.4%;23.1%;.091;.750;.545;.615;.636;.542;256;0.0;2.4;-0.2;0.3
166;CJ Abrams;WSN;25;95;2;9;13;3;6.3%;22.1%;.165;.290;.235;.309;.400;.309;92;0.4;-0.5;-0.1;0.3
167;Jon Berti;MIA;25;87;2;12;8;4;8.0%;17.2%;.128;.274;.244;.302;.372;.295;82;0.7;-1.3;0.9;0.3
168;Brett Baty;NYM;10;33;1;2;3;0;9.1%;30.3%;.133;.474;.333;.394;.467;.376;142;-0.1;1.6;-0.1;0.3
169;Zach Neto;LAA;16;60;0;4;4;1;1.7%;16.7%;.077;.310;.250;.350;.327;.312;95;0.1;-0.3;0.8;0.3
170;Andrew McCutchen;PIT;25;103;5;15;13;4;10.7%;17.5%;.227;.250;.250;.330;.477;.338;111;-0.1;1.2;-2.2;0.3
171;Pavin Smith;ARI;16;52;2;9;11;0;17.3%;21.2%;.209;.333;.279;.404;.488;.388;145;-0.1;2.8;-2.1;0.2
172;Yuli Gurriel;MIA;13;50;2;6;5;1;6.0%;14.0%;.152;.324;.304;.360;.457;.355;123;0.3;1.7;-0.9;0.2
173;Ryan Jeffers;MIN;12;42;1;6;3;0;9.5%;33.3%;.189;.409;.270;.357;.459;.354;128;-0.2;1.2;-0.2;0.2
174;Masataka Yoshida;BOS;22;97;4;14;15;2;12.4%;11.3%;.193;.261;.265;.361;.458;.355;121;-0.2;2.2;-3.1;0.2
175;Giancarlo Stanton;NYY;12;50;4;7;11;0;4.0%;20.0%;.313;.265;.271;.300;.583;.369;139;-0.3;2.0;-1.3;0.2
176;Stone Garrett;WSN;11;43;1;8;5;0;7.0%;27.9%;.154;.423;.308;.357;.462;.354;122;0.1;1.2;-0.3;0.2
177;J.T. Realmuto;PHI;24;97;3;9;10;4;3.1%;25.8%;.165;.323;.264;.289;.429;.304;89;0.1;-1.2;0.3;0.2
178;Trea Turner;PHI;28;125;2;15;6;4;4.8%;24.8%;.101;.337;.261;.296;.361;.284;75;1.4;-2.5;0.6;0.2
179;Carlos Pérez;OAK;18;43;1;5;5;0;4.7%;23.3%;.128;.414;.333;.372;.462;.359;134;-0.3;1.5;-0.7;0.2
180;Jace Peterson;OAK;24;85;1;9;8;2;12.9%;24.7%;.097;.275;.208;.318;.306;.284;83;0.5;-1.3;0.6;0.2
181;Christian Walker;ARI;25;104;4;11;18;1;5.8%;19.2%;.191;.260;.245;.288;.436;.306;90;0.1;-1.2;-0.1;0.2
182;Joey Bart;SFG;12;41;0;4;0;0;2.4%;29.3%;.054;.400;.270;.341;.324;.303;92;-0.1;-0.5;1.2;0.2
183;Mitch Haniger;SFG;5;19;2;5;5;0;10.5%;10.5%;.438;.231;.313;.368;.750;.443;186;-0.1;1.9;-0.5;0.2
184;Brandon Crawford;SFG;21;75;4;6;10;3;9.3%;26.7%;.191;.182;.176;.253;.368;.271;70;0.5;-2.3;1.8;0.2
185;Wilmer Flores;SFG;21;77;4;11;9;0;5.2%;15.6%;.205;.281;.274;.312;.479;.338;115;-0.5;0.9;-1.5;0.2
186;Yoán Moncada;CHW;7;31;2;4;4;0;3.2%;22.6%;.300;.286;.267;.290;.567;.358;128;-0.1;1.0;0.0;0.2
187;Corey Julks;HOU;20;72;2;11;8;2;1.4%;26.4%;.143;.380;.300;.306;.443;.318;103;-0.6;-0.3;-0.1;0.2
188;Reese McGuire;BOS;16;46;0;4;6;0;4.3%;28.3%;.093;.433;.302;.333;.395;.318;95;-0.3;-0.6;1.0;0.2
189;Joc Pederson;SFG;15;57;2;6;10;0;12.3%;22.8%;.224;.314;.265;.351;.490;.351;124;0.0;1.7;-1.6;0.2
190;Trevor Larnach;MIN;27;108;3;11;17;0;14.8%;30.6%;.154;.321;.231;.343;.385;.322;106;0.2;0.9;-2.6;0.2
191;Fernando Tatis Jr.;SDP;9;43;2;5;6;0;4.7%;20.9%;.195;.300;.268;.302;.463;.327;110;-0.5;0.0;0.5;0.2
192;Austin Hedges;PIT;14;44;0;4;4;1;6.8%;20.5%;.026;.207;.158;.238;.184;.202;19;0.1;-4.4;4.8;0.2
193;Nick Madrigal;CHC;20;48;0;6;4;2;4.2%;6.3%;.089;.310;.289;.333;.378;.312;96;-0.8;-1.0;1.3;0.2
194;Garrett Hampson;MIA;18;49;1;8;5;2;4.1%;28.6%;.200;.367;.267;.313;.467;.333;108;0.5;1.0;-0.7;0.2
195;Nick Ahmed;ARI;16;51;1;5;8;3;2.0%;13.7%;.100;.286;.260;.275;.360;.275;69;0.6;-1.4;1.5;0.2
196;Luis Robert Jr.;CHW;26;105;5;13;13;1;3.8%;26.7%;.212;.227;.202;.248;.414;.282;76;-0.2;-3.2;1.5;0.2
197;Jesús Sánchez;MIA;21;52;1;5;4;3;13.5%;34.6%;.136;.360;.227;.346;.364;.320;99;0.5;0.5;-0.4;0.2
198;Austin Slater;SFG;3;9;0;0;1;1;11.1%;11.1%;.125;.571;.500;.556;.625;.510;231;0.1;1.6;-0.1;0.2
199;Teoscar Hernández;SEA;26;109;7;12;16;1;1.8%;30.3%;.235;.254;.225;.266;.461;.308;99;-1.0;-1.2;-0.7;0.2
200;Gavin Sheets;CHW;17;50;2;5;8;0;12.0%;12.0%;.140;.306;.302;.380;.442;.358;128;-0.2;1.5;-1.4;0.2
201;Mitch Garver;TEX;6;22;2;4;6;0;13.6%;31.8%;.316;.300;.263;.364;.579;.397;154;-0.1;1.3;-0.3;0.2
202;Ezequiel Duran;TEX;21;66;2;6;12;2;1.5%;27.3%;.143;.395;.302;.333;.444;.337;112;-0.8;0.1;-0.7;0.2
203;Owen Miller;MIL;17;47;0;6;3;3;6.4%;12.8%;.068;.316;.273;.319;.341;.293;81;0.5;-0.6;0.7;0.2
204;Lourdes Gurriel Jr.;ARI;24;97;1;12;13;1;4.1%;15.5%;.132;.316;.275;.309;.407;.308;92;0.1;-1.0;-0.7;0.2
205;Tucupita Marcano;PIT;15;39;0;5;2;1;7.7%;7.7%;.121;.300;.273;.368;.394;.339;111;0.2;0.7;-0.4;0.2
206;Nick Senzel;CIN;16;61;2;13;11;2;11.5%;18.0%;.148;.317;.278;.361;.426;.345;112;0.5;1.4;-1.9;0.2
207;Ryan McKenna;BAL;19;32;1;5;6;1;3.1%;31.3%;.207;.368;.276;.313;.483;.334;115;0.1;0.7;-0.3;0.1
208;Jose Siri;TBR;9;35;1;5;8;1;5.7%;31.4%;.188;.286;.219;.257;.406;.279;79;0.3;-0.6;0.8;0.1
209;Victor Robles;WSN;24;90;0;11;8;6;6.7%;14.4%;.078;.328;.273;.356;.351;.319;99;1.3;1.2;-2.7;0.1
210;Michael Conforto;SFG;22;87;4;15;10;1;13.8%;32.2%;.176;.262;.203;.322;.378;.312;98;-0.2;-0.4;-1.1;0.1
211;Ramón Urías;BAL;22;79;0;11;8;0;8.9%;26.6%;.087;.375;.261;.354;.348;.318;104;-0.4;-0.1;-1.2;0.1
212;Christian Yelich;MIL;26;113;3;22;11;5;9.7%;29.2%;.119;.308;.228;.310;.347;.293;81;1.5;-1.1;-1.4;0.1
213;Matt Thaiss;LAA;13;35;1;6;4;0;11.4%;28.6%;.172;.278;.207;.343;.379;.325;104;-0.3;-0.1;0.2;0.1
214;Kerry Carpenter;DET;20;75;4;8;8;0;6.7%;29.3%;.246;.256;.217;.280;.464;.316;100;-0.1;-0.1;-1.2;0.1
215;Randal Grichuk;COL;2;8;0;2;0;0;0.0%;25.0%;.250;.667;.500;.500;.750;.532;227;0.0;1.2;-0.2;0.1
216;Trayce Thompson;LAD;20;53;4;8;11;0;13.2%;47.2%;.267;.188;.156;.283;.422;.307;93;0.1;-0.4;-0.2;0.1
217;Mark Canha;NYM;23;92;2;12;9;2;9.8%;18.5%;.152;.270;.241;.315;.392;.306;95;0.2;-0.4;-1.5;0.1
218;Daniel Vogelbach;NYM;18;57;1;4;9;0;19.3%;24.6%;.087;.355;.261;.404;.348;.346;122;-0.6;0.9;-1.6;0.1
219;Carlos Correa;MIN;24;101;3;8;10;0;10.9%;22.8%;.157;.234;.202;.287;.360;.284;79;-0.5;-3.0;0.8;0.1
220;Kyle Schwarber;PHI;28;118;6;17;12;0;15.3%;27.1%;.224;.250;.214;.347;.439;.345;116;-0.6;1.7;-4.5;0.1
221;Anthony Rendon;LAA;19;83;0;12;12;2;14.5%;10.8%;.045;.283;.258;.373;.303;.312;95;0.2;-0.2;-1.5;0.1
222;Oneil Cruz;PIT;8;35;0;5;2;3;14.3%;22.9%;.033;.318;.233;.343;.267;.286;76;0.8;-0.3;0.2;0.1
223;Seby Zavala;CHW;13;35;1;4;2;1;5.7%;28.6%;.121;.227;.182;.229;.303;.233;42;0.0;-2.5;2.3;0.1
224;Jake Cave;PHI;19;66;1;3;9;3;9.1%;21.2%;.119;.289;.237;.303;.356;.289;79;0.9;-0.9;-0.4;0.1
225;Jordan Walker;STL;19;73;2;8;10;2;4.1%;26.0%;.132;.362;.279;.329;.412;.324;105;0.4;0.8;-2.4;0.1
226;Kevin Pillar;ATL;15;49;1;5;5;1;6.1%;24.5%;.130;.303;.239;.286;.370;.286;75;0.3;-1.2;0.5;0.1
227;Conner Capel;OAK;24;70;0;4;3;4;12.9%;27.1%;.066;.405;.279;.371;.344;.324;111;-0.5;0.4;-1.9;0.1
228;Austin Wynns;2 Tms;6;14;0;0;2;0;7.1%;50.0%;.077;.333;.154;.214;.231;.202;24;-0.1;-1.4;1.8;0.1
229;Nick Fortes;MIA;18;52;1;4;3;1;9.6%;26.9%;.064;.250;.191;.269;.255;.241;46;0.2;-3.2;2.3;0.1
230;Salvador Perez;KCR;25;104;3;9;13;0;2.9%;17.3%;.165;.299;.268;.308;.433;.318;97;-0.9;-1.2;-1.5;0.1
231;Ji Hwan Bae;PIT;26;83;2;15;9;9;4.8%;25.3%;.091;.296;.234;.280;.325;.268;64;1.8;-1.9;-0.1;0.1
232;Connor Wong;BOS;21;63;1;9;8;1;7.9%;27.0%;.125;.342;.250;.323;.375;.309;89;-0.4;-1.3;-0.1;0.1
233;Manuel Margot;TBR;25;80;2;9;8;4;5.0%;13.8%;.125;.262;.250;.300;.375;.293;89;-0.7;-1.8;-0.2;0.1
234;Ha-Seong Kim;SDP;25;91;2;6;6;5;11.0%;26.4%;.101;.226;.177;.278;.278;.256;62;0.7;-3.6;1.3;0.1
235;Kyle Higashioka;NYY;12;43;2;4;6;0;4.7%;34.9%;.146;.250;.195;.233;.341;.249;56;-0.1;-2.4;1.6;0.1
236;Tim Anderson;CHW;9;39;0;7;4;4;0.0%;23.1%;.103;.333;.256;.256;.359;.263;63;0.8;-0.9;0.3;0.1
237;Chad Wallach;LAA;6;20;2;3;4;0;5.0%;15.0%;.316;.143;.211;.250;.526;.323;103;-0.1;0.0;0.0;0.1
238;Edouard Julien;MIN;8;30;2;4;4;0;3.3%;30.0%;.222;.250;.222;.276;.444;.309;96;-0.1;-0.2;-0.2;0.1
239;Luke Maile;CIN;11;22;1;2;1;0;9.1%;40.9%;.150;.400;.250;.318;.400;.315;91;-0.1;-0.3;0.2;0.1
240;Enrique Hernández;BOS;26;107;3;19;10;1;9.3%;23.4%;.158;.309;.253;.327;.411;.321;98;0.0;-0.3;-2.8;0.1
241;Dominic Fletcher;ARI;1;2;0;1;0;0;0.0%;0.0%;.500;.500;.500;.500;1.000;.622;302;0.0;0.5;0.0;0.1
242;Lane Thomas;WSN;25;102;0;13;10;2;7.8%;26.5%;.044;.369;.264;.333;.308;.291;80;-0.1;-2.7;-0.2;0.1
243;Gio Urshela;LAA;24;96;1;12;12;1;3.1%;18.8%;.054;.351;.290;.313;.344;.289;80;-0.3;-2.6;-0.1;0.1
244;César Salazar;HOU;7;8;0;1;0;0;12.5%;12.5%;.000;.333;.286;.375;.286;.308;95;0.0;-0.1;0.3;0.1
245;Taylor Trammell;SEA;1;5;1;1;4;0;20.0%;40.0%;.750;.000;.250;.400;1.000;.540;260;-0.4;0.6;-0.2;0.1
246;Tyler Stephenson;CIN;27;107;0;11;11;0;9.3%;28.0%;.064;.422;.287;.374;.351;.325;98;-0.4;-0.7;-2.4;0.1
247;Juan Yepez;STL;3;12;1;1;1;0;0.0%;0.0%;.250;.273;.333;.333;.583;.388;147;-0.1;0.6;-0.5;0.1
248;Javier Báez;DET;24;95;0;9;11;2;5.3%;20.0%;.057;.290;.230;.277;.287;.252;55;0.4;-4.7;2.0;0.0
249;Tyler Freeman;CLE;2;8;0;1;0;0;12.5%;0.0%;.143;.286;.286;.375;.429;.353;128;0.0;0.3;-0.1;0.0
250;Taylor Motter;STL;7;20;0;0;1;0;10.0%;40.0%;.111;.400;.222;.300;.333;.282;77;0.0;-0.5;0.3;0.0
251;Ryan Mountcastle;BAL;27;119;6;17;20;2;1.7%;21.8%;.200;.259;.243;.252;.443;.291;85;0.6;-1.5;-2.1;0.0
252;Donovan Solano;MIN;21;69;0;6;3;0;4.3%;20.3%;.079;.367;.286;.348;.365;.313;99;-0.4;-0.5;-1.4;0.0
253;Kody Clemens;PHI;11;31;3;4;5;0;6.5%;29.0%;.310;.118;.172;.226;.483;.296;83;0.1;-0.6;0.0;0.0
254;Willi Castro;MIN;19;40;1;5;4;1;10.0%;25.0%;.147;.217;.176;.300;.324;.284;79;-0.2;-1.1;0.2;0.0
255;Tim Locastro;NYM;10;10;0;3;0;4;0.0%;20.0%;.000;.000;.000;.300;.000;.218;36;0.8;0.0;0.0;0.0
256;David Villar;SFG;24;88;4;10;11;1;9.1%;31.8%;.197;.178;.158;.261;.355;.272;71;-0.3;-3.5;0.9;0.0
257;Taylor Ward;LAA;28;121;3;18;10;0;12.4%;20.7%;.108;.240;.206;.322;.314;.291;81;-0.5;-3.3;-0.5;0.0
258;Drew Maggi;PIT;3;6;0;1;1;0;0.0%;16.7%;.167;.400;.333;.333;.500;.354;121;0.0;0.2;0.0;0.0
259;Seiya Suzuki;CHC;15;66;1;7;6;0;9.1%;24.2%;.119;.333;.254;.333;.373;.313;96;-0.9;-1.2;-0.7;0.0
260;Raimel Tapia;BOS;16;30;1;4;4;0;10.0%;23.3%;.154;.278;.231;.310;.385;.306;87;0.2;-0.3;-0.4;0.0
261;Darin Ruf;SFG;9;27;0;1;3;0;14.8%;33.3%;.087;.429;.261;.370;.348;.326;107;-0.1;0.2;-0.8;0.0
262;Tommy Pham;NYM;17;49;2;3;7;2;12.2%;22.4%;.167;.233;.214;.306;.381;.292;86;0.4;-0.5;-0.9;0.0
263;Brenton Doyle;COL;6;19;0;2;2;3;10.5%;31.6%;.059;.273;.176;.263;.235;.232;25;0.6;-1.1;0.8;0.0
264;Enmanuel Valdez;BOS;6;20;0;2;1;0;0.0%;20.0%;.150;.375;.300;.300;.450;.319;96;0.0;-0.1;-0.3;0.0
265;Andrew Benintendi;CHW;23;95;0;13;5;4;7.4%;16.8%;.046;.352;.287;.347;.333;.302;90;0.8;-0.4;-2.5;0.0
266;Jose Herrera;ARI;10;32;0;4;4;1;12.5%;31.3%;.074;.412;.259;.355;.333;.312;94;-0.2;-0.4;-0.4;0.0
267;Ryan O'Hearn;BAL;8;20;0;1;6;0;10.0%;15.0%;.059;.333;.294;.350;.353;.308;97;-0.1;-0.2;-0.2;0.0
268;Akil Baddoo;DET;19;64;0;7;1;2;14.1%;26.6%;.056;.324;.222;.333;.278;.278;74;0.8;-1.3;-0.6;0.0
269;Eric Hosmer;CHC;23;73;2;7;13;0;6.8%;26.0%;.132;.340;.265;.315;.397;.311;94;-0.1;-0.6;-1.6;0.0
270;Michael Chavis;WSN;9;21;0;1;1;0;9.5%;23.8%;.000;.357;.263;.333;.263;.276;70;0.0;-0.8;0.3;0.0
271;Eric Haase;DET;20;66;0;3;5;1;9.1%;28.8%;.050;.390;.267;.333;.317;.287;80;-0.5;-2.0;0.0;0.0
272;Alec Bohm;PHI;28;115;2;10;18;1;7.0%;18.3%;.114;.305;.257;.322;.371;.307;90;-0.9;-2.3;-1.4;0.0
273;Eddie Rosario;ATL;23;78;3;10;5;0;5.1%;25.6%;.189;.275;.230;.269;.419;.294;81;-0.1;-2.0;-0.5;0.0
274;Danny Jansen;TOR;18;61;3;6;13;0;8.2%;24.6%;.196;.184;.179;.246;.375;.262;64;-0.2;-2.8;1.0;0.0
275;Yainer Diaz;HOU;9;29;0;5;2;0;6.9%;17.2%;.083;.286;.250;.310;.333;.281;76;-0.1;-1.0;0.1;0.0
276;Tyler Wade;OAK;10;16;0;1;0;4;18.8%;50.0%;.000;.200;.077;.250;.077;.186;14;0.8;-0.8;0.3;0.0
277;Miguel Vargas;LAD;25;92;1;10;9;1;13.0%;19.6%;.117;.254;.208;.319;.325;.291;82;0.2;-1.8;-1.3;0.0
278;Nick Pratto;KCR;5;20;0;0;2;0;5.0%;50.0%;.000;.778;.368;.400;.368;.344;115;-0.5;-0.2;-0.5;0.0
279;Josh Sborz;TEX;5;1;0;0;0;0;0.0%;100.0%;.000;.000;.000;.000;.000;.000;-100;0.0;-0.3;0.2;0.0
280;Brendan Donovan;STL;23;85;1;8;4;2;7.1%;18.8%;.078;.311;.260;.318;.338;.291;83;0.2;-1.6;-1.3;0.0
281;Tommy Hunter;NYM;4;0;0;0;0;0;0.0%;0.0%;.000;.000;.000;.000;.000;.000;;0.0;0.0;0.0;0.0
282;Matt Bush;MIL;9;0;0;0;0;0;0.0%;0.0%;.000;.000;.000;.000;.000;.000;;0.0;0.0;0.0;0.0
283;Adam Ottavino;NYM;11;0;0;0;0;0;0.0%;0.0%;.000;.000;.000;.000;.000;.000;;0.0;0.0;0.0;0.0
284;Matt Moore;LAA;13;0;0;0;0;0;0.0%;0.0%;.000;.000;.000;.000;.000;.000;;0.0;0.0;0.0;0.0
285;Zack Greinke;KCR;5;0;0;0;0;0;0.0%;0.0%;.000;.000;.000;.000;.000;.000;;0.0;0.0;0.0;0.0
286;Clayton Kershaw;LAD;6;0;0;0;0;0;0.0%;0.0%;.000;.000;.000;.000;.000;.000;;0.0;0.0;0.0;0.0
287;Corey Kluber;BOS;4;0;0;0;0;0;0.0%;0.0%;.000;.000;.000;.000;.000;.000;;0.0;0.0;0.0;0.0
288;Lance Lynn;CHW;5;0;0;0;0;0;0.0%;0.0%;.000;.000;.000;.000;.000;.000;;0.0;0.0;0.0;0.0
289;Kenley Jansen;BOS;9;0;0;0;0;0;0.0%;0.0%;.000;.000;.000;.000;.000;.000;;0.0;0.0;0.0;0.0
290;Max Scherzer;NYM;3;0;0;0;0;0;0.0%;0.0%;.000;.000;.000;.000;.000;.000;;0.0;0.0;0.0;0.0
291;Charlie Morton;ATL;5;0;0;0;0;0;0.0%;0.0%;.000;.000;.000;.000;.000;.000;;0.0;0.0;0.0;0.0
292;Rich Hill;PIT;6;0;0;0;0;0;0.0%;0.0%;.000;.000;.000;.000;.000;.000;;0.0;0.0;0.0;0.0
293;Jake Diekman;CHW;12;0;0;0;0;0;0.0%;0.0%;.000;.000;.000;.000;.000;.000;;0.0;0.0;0.0;0.0
294;Jeurys Familia;OAK;13;0;0;0;0;0;0.0%;0.0%;.000;.000;.000;.000;.000;.000;;0.0;0.0;0.0;0.0
295;Jesse Chavez;ATL;12;0;0;0;0;0;0.0%;0.0%;.000;.000;.000;.000;.000;.000;;0.0;0.0;0.0;0.0
296;Madison Bumgarner;ARI;4;0;0;0;0;0;0.0%;0.0%;.000;.000;.000;.000;.000;.000;;0.0;0.0;0.0;0.0
297;Ryan Brasier;BOS;13;0;0;0;0;0;0.0%;0.0%;.000;.000;.000;.000;.000;.000;;0.0;0.0;0.0;0.0
298;Huascar Brazoban;MIA;11;0;0;0;0;0;0.0%;0.0%;.000;.000;.000;.000;.000;.000;;0.0;0.0;0.0;0.0
299;Trevor May;OAK;7;0;0;0;0;0;0.0%;0.0%;.000;.000;.000;.000;.000;.000;;0.0;0.0;0.0;0.0
300;José Cisnero;DET;11;0;0;0;0;0;0.0%;0.0%;.000;.000;.000;.000;.000;.000;;0.0;0.0;0.0;0.0
301;Alex Cobb;SFG;6;0;0;0;0;0;0.0%;0.0%;.000;.000;.000;.000;.000;.000;;0.0;0.0;0.0;0.0
302;Carlos Carrasco;NYM;3;0;0;0;0;0;0.0%;0.0%;.000;.000;.000;.000;.000;.000;;0.0;0.0;0.0;0.0
303;Craig Kimbrel;PHI;12;0;0;0;0;0;0.0%;0.0%;.000;.000;.000;.000;.000;.000;;0.0;0.0;0.0;0.0
304;Johnny Cueto;MIA;1;0;0;0;0;0;0.0%;0.0%;.000;.000;.000;.000;.000;.000;;0.0;0.0;0.0;0.0
305;Martín Pérez;TEX;6;0;0;0;0;0;0.0%;0.0%;.000;.000;.000;.000;.000;.000;;0.0;0.0;0.0;0.0
306;Luis García;SDP;12;0;0;0;0;0;0.0%;0.0%;.000;.000;.000;.000;.000;.000;;0.0;0.0;0.0;0.0
307;Ian Kennedy;TEX;9;0;0;0;0;0;0.0%;0.0%;.000;.000;.000;.000;.000;.000;;0.0;0.0;0.0;0.0
308;Ryan Pressly;HOU;11;0;0;0;0;0;0.0%;0.0%;.000;.000;.000;.000;.000;.000;;0.0;0.0;0.0;0.0
309;Fernando Cruz;CIN;9;0;0;0;0;0;0.0%;0.0%;.000;.000;.000;.000;.000;.000;;0.0;0.0;0.0;0.0
310;Daniel Bard;COL;4;0;0;0;0;0;0.0%;0.0%;.000;.000;.000;.000;.000;.000;;0.0;0.0;0.0;0.0
311;Collin McHugh;ATL;4;0;0;0;0;0;0.0%;0.0%;.000;.000;.000;.000;.000;.000;;0.0;0.0;0.0;0.0
312;Jordan Lyles;KCR;6;0;0;0;0;0;0.0%;0.0%;.000;.000;.000;.000;.000;.000;;0.0;0.0;0.0;0.0
313;Tommy Milone;SEA;1;0;0;0;0;0;0.0%;0.0%;.000;.000;.000;.000;.000;.000;;0.0;0.0;0.0;0.0
314;Richard Bleier;BOS;12;0;0;0;0;0;0.0%;0.0%;.000;.000;.000;.000;.000;.000;;0.0;0.0;0.0;0.0
315;Anthony Bass;TOR;9;0;0;0;0;0;0.0%;0.0%;.000;.000;.000;.000;.000;.000;;0.0;0.0;0.0;0.0
316;Will Smith;TEX;10;0;0;0;0;0;0.0%;0.0%;.000;.000;.000;.000;.000;.000;;0.0;0.0;0.0;0.0
317;David Robertson;NYM;10;0;0;0;0;0;0.0%;0.0%;.000;.000;.000;.000;.000;.000;;0.0;0.0;0.0;0.0
318;Lucas Luetge;ATL;4;0;0;0;0;0;0.0%;0.0%;.000;.000;.000;.000;.000;.000;;0.0;0.0;0.0;0.0
319;Wade Miley;MIL;5;0;0;0;0;0;0.0%;0.0%;.000;.000;.000;.000;.000;.000;;0.0;0.0;0.0;0.0
320;Kirby Yates;ATL;9;0;0;0;0;0;0.0%;0.0%;.000;.000;.000;.000;.000;.000;;0.0;0.0;0.0;0.0
321;Brad Hand;COL;11;0;0;0;0;0;0.0%;0.0%;.000;.000;.000;.000;.000;.000;;0.0;0.0;0.0;0.0
322;Nathan Eovaldi;TEX;6;0;0;0;0;0;0.0%;0.0%;.000;.000;.000;.000;.000;.000;;0.0;0.0;0.0;0.0
323;Patrick Corbin;WSN;5;0;0;0;0;0;0.0%;0.0%;.000;.000;.000;.000;.000;.000;;0.0;0.0;0.0;0.0
324;Joe Kelly;CHW;5;0;0;0;0;0;0.0%;0.0%;.000;.000;.000;.000;.000;.000;;0.0;0.0;0.0;0.0
325;Miles Mikolas;STL;5;0;0;0;0;0;0.0%;0.0%;.000;.000;.000;.000;.000;.000;;0.0;0.0;0.0;0.0
326;Brooks Raley;NYM;13;0;0;0;0;0;0.0%;0.0%;.000;.000;.000;.000;.000;.000;;0.0;0.0;0.0;0.0
327;Caleb Thielbar;MIN;9;0;0;0;0;0;0.0%;0.0%;.000;.000;.000;.000;.000;.000;;0.0;0.0;0.0;0.0
328;Kyle Gibson;BAL;5;0;0;0;0;0;0.0%;0.0%;.000;.000;.000;.000;.000;.000;;0.0;0.0;0.0;0.0
329;Brad Boxberger;CHC;10;0;0;0;0;0;0.0%;0.0%;.000;.000;.000;.000;.000;.000;;0.0;0.0;0.0;0.0
330;Shelby Miller;LAD;10;0;0;0;0;0;0.0%;0.0%;.000;.000;.000;.000;.000;.000;;0.0;0.0;0.0;0.0
331;Aroldis Chapman;KCR;11;0;0;0;0;0;0.0%;0.0%;.000;.000;.000;.000;.000;.000;;0.0;0.0;0.0;0.0
332;Ryan Tepera;LAA;5;0;0;0;0;0;0.0%;0.0%;.000;.000;.000;.000;.000;.000;;0.0;0.0;0.0;0.0
333;Zack Wheeler;PHI;6;0;0;0;0;0;0.0%;0.0%;.000;.000;.000;.000;.000;.000;;0.0;0.0;0.0;0.0
334;Erasmo Ramírez;WSN;11;0;0;0;0;0;0.0%;0.0%;.000;.000;.000;.000;.000;.000;;0.0;0.0;0.0;0.0
335;Michael Tonkin;ATL;7;0;0;0;0;0;0.0%;0.0%;.000;.000;.000;.000;.000;.000;;0.0;0.0;0.0;0.0
336;Aaron Loup;LAA;9;0;0;0;0;0;0.0%;0.0%;.000;.000;.000;.000;.000;.000;;0.0;0.0;0.0;0.0
337;Scott Alexander;SFG;13;0;0;0;0;0;0.0%;0.0%;.000;.000;.000;.000;.000;.000;;0.0;0.0;0.0;0.0
338;Chris Sale;BOS;6;0;0;0;0;0;0.0%;0.0%;.000;.000;.000;.000;.000;.000;;0.0;0.0;0.0;0.0
339;Andrew Bellatti;PHI;9;0;0;0;0;0;0.0%;0.0%;.000;.000;.000;.000;.000;.000;;0.0;0.0;0.0;0.0
340;Chasen Shreve;DET;10;0;0;0;0;0;0.0%;0.0%;.000;.000;.000;.000;.000;.000;;0.0;0.0;0.0;0.0
341;Jacob deGrom;TEX;5;0;0;0;0;0;0.0%;0.0%;.000;.000;.000;.000;.000;.000;;0.0;0.0;0.0;0.0
342;Merrill Kelly;ARI;5;0;0;0;0;0;0.0%;0.0%;.000;.000;.000;.000;.000;.000;;0.0;0.0;0.0;0.0
343;Vince Velasquez;PIT;6;0;0;0;0;0;0.0%;0.0%;.000;.000;.000;.000;.000;.000;;0.0;0.0;0.0;0.0
344;Sean Nolin;MIA;1;0;0;0;0;0;0.0%;0.0%;.000;.000;.000;.000;.000;.000;;0.0;0.0;0.0;0.0
345;José Ureña;COL;5;0;0;0;0;0;0.0%;0.0%;.000;.000;.000;.000;.000;.000;;0.0;0.0;0.0;0.0
346;Heath Hembree;TBR;1;0;0;0;0;0;0.0%;0.0%;.000;.000;.000;.000;.000;.000;;0.0;0.0;0.0;0.0
347;Jameson Taillon;CHC;3;0;0;0;0;0;0.0%;0.0%;.000;.000;.000;.000;.000;.000;;0.0;0.0;0.0;0.0
348;Drew Smyly;CHC;5;0;0;0;0;0;0.0%;0.0%;.000;.000;.000;.000;.000;.000;;0.0;0.0;0.0;0.0
349;Noah Syndergaard;LAD;6;0;0;0;0;0;0.0%;0.0%;.000;.000;.000;.000;.000;.000;;0.0;0.0;0.0;0.0
350;Héctor Neris;HOU;10;0;0;0;0;0;0.0%;0.0%;.000;.000;.000;.000;.000;.000;;0.0;0.0;0.0;0.0
351;Taijuan Walker;PHI;5;0;0;0;0;0;0.0%;0.0%;.000;.000;.000;.000;.000;.000;;0.0;0.0;0.0;0.0
352;Chris Martin;BOS;6;0;0;0;0;0;0.0%;0.0%;.000;.000;.000;.000;.000;.000;;0.0;0.0;0.0;0.0
353;Jason Adam;TBR;10;0;0;0;0;0;0.0%;0.0%;.000;.000;.000;.000;.000;.000;;0.0;0.0;0.0;0.0
354;Scott McGough;ARI;13;0;0;0;0;0;0.0%;0.0%;.000;.000;.000;.000;.000;.000;;0.0;0.0;0.0;0.0
355;Yimi García;TOR;12;0;0;0;0;0;0.0%;0.0%;.000;.000;.000;.000;.000;.000;;0.0;0.0;0.0;0.0
356;Domingo Tapia;SDP;6;0;0;0;0;0;0.0%;0.0%;.000;.000;.000;.000;.000;.000;;0.0;0.0;0.0;0.0
357;Chris Bassitt;TOR;6;0;0;0;0;0;0.0%;0.0%;.000;.000;.000;.000;.000;.000;;0.0;0.0;0.0;0.0
358;Colin Rea;MIL;4;0;0;0;0;0;0.0%;0.0%;.000;.000;.000;.000;.000;.000;;0.0;0.0;0.0;0.0
359;Seth Lugo;SDP;5;0;0;0;0;0;0.0%;0.0%;.000;.000;.000;.000;.000;.000;;0.0;0.0;0.0;0.0
360;Drew Rucinski;OAK;1;0;0;0;0;0;0.0%;0.0%;.000;.000;.000;.000;.000;.000;;0.0;0.0;0.0;0.0
361;Nick Ramirez;NYY;2;0;0;0;0;0;0.0%;0.0%;.000;.000;.000;.000;.000;.000;;0.0;0.0;0.0;0.0
362;Nick Martinez;SDP;5;0;0;0;0;0;0.0%;0.0%;.000;.000;.000;.000;.000;.000;;0.0;0.0;0.0;0.0
363;Rafael Montero;HOU;11;0;0;0;0;0;0.0%;0.0%;.000;.000;.000;.000;.000;.000;;0.0;0.0;0.0;0.0
364;Chris Devenski;LAA;1;0;0;0;0;0;0.0%;0.0%;.000;.000;.000;.000;.000;.000;;0.0;0.0;0.0;0.0
365;Sonny Gray;MIN;6;0;0;0;0;0;0.0%;0.0%;.000;.000;.000;.000;.000;.000;;0.0;0.0;0.0;0.0
366;John Brebbia;SFG;13;0;0;0;0;0;0.0%;0.0%;.000;.000;.000;.000;.000;.000;;0.0;0.0;0.0;0.0
367;Mike Clevinger;CHW;6;0;0;0;0;0;0.0%;0.0%;.000;.000;.000;.000;.000;.000;;0.0;0.0;0.0;0.0
368;Matt Barnes;MIA;12;0;0;0;0;0;0.0%;0.0%;.000;.000;.000;.000;.000;.000;;0.0;0.0;0.0;0.0
369;Tyler Anderson;LAA;5;0;0;0;0;0;0.0%;0.0%;.000;.000;.000;.000;.000;.000;;0.0;0.0;0.0;0.0
370;Alex Claudio;MIL;1;0;0;0;0;0;0.0%;0.0%;.000;.000;.000;.000;.000;.000;;0.0;0.0;0.0;0.0
371;Joe Musgrove;SDP;2;0;0;0;0;0;0.0%;0.0%;.000;.000;.000;.000;.000;.000;;0.0;0.0;0.0;0.0
372;Andrew Chafin;ARI;11;0;0;0;0;0;0.0%;0.0%;.000;.000;.000;.000;.000;.000;;0.0;0.0;0.0;0.0
373;Colten Brewer;NYY;3;0;0;0;0;0;0.0%;0.0%;.000;.000;.000;.000;.000;.000;;0.0;0.0;0.0;0.0
374;Anthony DeSclafani;SFG;5;0;0;0;0;0;0.0%;0.0%;.000;.000;.000;.000;.000;.000;;0.0;0.0;0.0;0.0
375;Yu Darvish;SDP;5;0;0;0;0;0;0.0%;0.0%;.000;.000;.000;.000;.000;.000;;0.0;0.0;0.0;0.0
376;Gerrit Cole;NYY;5;0;0;0;0;0;0.0%;0.0%;.000;.000;.000;.000;.000;.000;;0.0;0.0;0.0;0.0
377;Derek Law;CIN;12;0;0;0;0;0;0.0%;0.0%;.000;.000;.000;.000;.000;.000;;0.0;0.0;0.0;0.0
378;Eduardo Rodriguez;DET;5;0;0;0;0;0;0.0%;0.0%;.000;.000;.000;.000;.000;.000;;0.0;0.0;0.0;0.0
379;Zach Davies;ARI;2;0;0;0;0;0;0.0%;0.0%;.000;.000;.000;.000;.000;.000;;0.0;0.0;0.0;0.0
380;Jordan Weems;WSN;2;0;0;0;0;0;0.0%;0.0%;.000;.000;.000;.000;.000;.000;;0.0;0.0;0.0;0.0
381;Michael Fulmer;CHC;12;0;0;0;0;0;0.0%;0.0%;.000;.000;.000;.000;.000;.000;;0.0;0.0;0.0;0.0
382;Ross Stripling;SFG;5;0;0;0;0;0;0.0%;0.0%;.000;.000;.000;.000;.000;.000;;0.0;0.0;0.0;0.0
383;Danny Coulombe;BAL;13;0;0;0;0;0;0.0%;0.0%;.000;.000;.000;.000;.000;.000;;0.0;0.0;0.0;0.0
384;Luis Cessa;CIN;5;0;0;0;0;0;0.0%;0.0%;.000;.000;.000;.000;.000;.000;;0.0;0.0;0.0;0.0
385;Hoby Milner;MIL;14;0;0;0;0;0;0.0%;0.0%;.000;.000;.000;.000;.000;.000;;0.0;0.0;0.0;0.0
386;Steven Matz;STL;5;0;0;0;0;0;0.0%;0.0%;.000;.000;.000;.000;.000;.000;;0.0;0.0;0.0;0.0
387;Dylan Floro;MIA;11;0;0;0;0;0;0.0%;0.0%;.000;.000;.000;.000;.000;.000;;0.0;0.0;0.0;0.0
388;Drew VerHagen;STL;12;0;0;0;0;0;0.0%;0.0%;.000;.000;.000;.000;.000;.000;;0.0;0.0;0.0;0.0
389;Marcus Stroman;CHC;5;0;0;0;0;0;0.0%;0.0%;.000;.000;.000;.000;.000;.000;;0.0;0.0;0.0;0.0
390;Pierce Johnson;COL;10;0;0;0;0;0;0.0%;0.0%;.000;.000;.000;.000;.000;.000;;0.0;0.0;0.0;0.0
391;Taylor Rogers;SFG;12;0;0;0;0;0;0.0%;0.0%;.000;.000;.000;.000;.000;.000;;0.0;0.0;0.0;0.0
392;Lucas Sims;CIN;6;0;0;0;0;0;0.0%;0.0%;.000;.000;.000;.000;.000;.000;;0.0;0.0;0.0;0.0
393;Blake Snell;SDP;4;0;0;0;0;0;0.0%;0.0%;.000;.000;.000;.000;.000;.000;;0.0;0.0;0.0;0.0
394;Steven Okert;MIA;5;0;0;0;0;0;0.0%;0.0%;.000;.000;.000;.000;.000;.000;;0.0;0.0;0.0;0.0
395;Robert Stephenson;PIT;8;0;0;0;0;0;0.0%;0.0%;.000;.000;.000;.000;.000;.000;;0.0;0.0;0.0;0.0
396;Carl Edwards Jr.;WSN;11;0;0;0;0;0;0.0%;0.0%;.000;.000;.000;.000;.000;.000;;0.0;0.0;0.0;0.0
397;Jakob Junis;SFG;7;0;0;0;0;0;0.0%;0.0%;.000;.000;.000;.000;.000;.000;;0.0;0.0;0.0;0.0
398;Clay Holmes;NYY;10;0;0;0;0;0;0.0%;0.0%;.000;.000;.000;.000;.000;.000;;0.0;0.0;0.0;0.0
399;Max Fried;ATL;3;0;0;0;0;0;0.0%;0.0%;.000;.000;.000;.000;.000;.000;;0.0;0.0;0.0;0.0
400;Chris Stratton;STL;10;0;0;0;0;0;0.0%;0.0%;.000;.000;.000;.000;.000;.000;;0.0;0.0;0.0;0.0
401;JT Chargois;MIA;3;0;0;0;0;0;0.0%;0.0%;.000;.000;.000;.000;.000;.000;;0.0;0.0;0.0;0.0
402;Zach Eflin;TBR;4;0;0;0;0;0;0.0%;0.0%;.000;.000;.000;.000;.000;.000;;0.0;0.0;0.0;0.0
403;Alex Wood;SFG;3;0;0;0;0;0;0.0%;0.0%;.000;.000;.000;.000;.000;.000;;0.0;0.0;0.0;0.0
404;Matt Strahm;PHI;5;0;0;0;0;0;0.0%;0.0%;.000;.000;.000;.000;.000;.000;;0.0;0.0;0.0;0.0
405;Paul Sewald;SEA;14;0;0;0;0;0;0.0%;0.0%;.000;.000;.000;.000;.000;.000;;0.0;0.0;0.0;0.0
406;Chris Flexen;SEA;5;0;0;0;0;0;0.0%;0.0%;.000;.000;.000;.000;.000;.000;;0.0;0.0;0.0;0.0
407;Brent Suter;COL;10;0;0;0;0;0;0.0%;0.0%;.000;.000;.000;.000;.000;.000;;0.0;0.0;0.0;0.0
408;Michael Wacha;SDP;5;0;0;0;0;0;0.0%;0.0%;.000;.000;.000;.000;.000;.000;;0.0;0.0;0.0;0.0
409;Kevin Gausman;TOR;6;0;0;0;0;0;0.0%;0.0%;.000;.000;.000;.000;.000;.000;;0.0;0.0;0.0;0.0
410;José Berríos;TOR;5;0;0;0;0;0;0.0%;0.0%;.000;.000;.000;.000;.000;.000;;0.0;0.0;0.0;0.0
411;Josh Hader;SDP;13;0;0;0;0;0;0.0%;0.0%;.000;.000;.000;.000;.000;.000;;0.0;0.0;0.0;0.0
412;Wandy Peralta;NYY;10;0;0;0;0;0;0.0%;0.0%;.000;.000;.000;.000;.000;.000;;0.0;0.0;0.0;0.0
413;Joel Payamps;MIL;12;0;0;0;0;0;0.0%;0.0%;.000;.000;.000;.000;.000;.000;;0.0;0.0;0.0;0.0
414;Ty Blach;COL;6;0;0;0;0;0;0.0%;0.0%;.000;.000;.000;.000;.000;.000;;0.0;0.0;0.0;0.0
415;Amir Garrett;KCR;12;0;0;0;0;0;0.0%;0.0%;.000;.000;.000;.000;.000;.000;;0.0;0.0;0.0;0.0
416;Yunior Marte;PHI;4;0;0;0;0;0;0.0%;0.0%;.000;.000;.000;.000;.000;.000;;0.0;0.0;0.0;0.0
417;José Leclerc;TEX;9;0;0;0;0;0;0.0%;0.0%;.000;.000;.000;.000;.000;.000;;0.0;0.0;0.0;0.0
418;Jorge López;MIN;12;0;0;0;0;0;0.0%;0.0%;.000;.000;.000;.000;.000;.000;;0.0;0.0;0.0;0.0
419;Carlos Estévez;LAA;13;0;0;0;0;0;0.0%;0.0%;.000;.000;.000;.000;.000;.000;;0.0;0.0;0.0;0.0
420;José Ruiz;2 Tms;10;0;0;0;0;0;0.0%;0.0%;.000;.000;.000;.000;.000;.000;;0.0;0.0;0.0;0.0
421;Duane Underwood Jr.;PIT;13;0;0;0;0;0;0.0%;0.0%;.000;.000;.000;.000;.000;.000;;0.0;0.0;0.0;0.0
422;Andrés Machado;WSN;1;0;0;0;0;0;0.0%;0.0%;.000;.000;.000;.000;.000;.000;;0.0;0.0;0.0;0.0
423;Anthony Banda;WSN;10;0;0;0;0;0;0.0%;0.0%;.000;.000;.000;.000;.000;.000;;0.0;0.0;0.0;0.0
424;Julio Urías;LAD;5;0;0;0;0;0;0.0%;0.0%;.000;.000;.000;.000;.000;.000;;0.0;0.0;0.0;0.0
425;Emilio Pagán;MIN;8;0;0;0;0;0;0.0%;0.0%;.000;.000;.000;.000;.000;.000;;0.0;0.0;0.0;0.0
426;Buck Farmer;CIN;12;0;0;0;0;0;0.0%;0.0%;.000;.000;.000;.000;.000;.000;;0.0;0.0;0.0;0.0
427;Michael Lorenzen;DET;3;0;0;0;0;0;0.0%;0.0%;.000;.000;.000;.000;.000;.000;;0.0;0.0;0.0;0.0
428;Joe Mantiply;ARI;5;0;0;0;0;0;0.0%;0.0%;.000;.000;.000;.000;.000;.000;;0.0;0.0;0.0;0.0
429;Sam Moll;OAK;14;0;0;0;0;0;0.0%;0.0%;.000;.000;.000;.000;.000;.000;;0.0;0.0;0.0;0.0
430;Jon Gray;TEX;5;0;0;0;0;0;0.0%;0.0%;.000;.000;.000;.000;.000;.000;;0.0;0.0;0.0;0.0
431;Chad Kuhl;WSN;5;0;0;0;0;0;0.0%;0.0%;.000;.000;.000;.000;.000;.000;;0.0;0.0;0.0;0.0
432;Giovanny Gallegos;STL;9;0;0;0;0;0;0.0%;0.0%;.000;.000;.000;.000;.000;.000;;0.0;0.0;0.0;0.0
433;Scott Barlow;KCR;10;0;0;0;0;0;0.0%;0.0%;.000;.000;.000;.000;.000;.000;;0.0;0.0;0.0;0.0
434;Kyle Finnegan;WSN;10;0;0;0;0;0;0.0%;0.0%;.000;.000;.000;.000;.000;.000;;0.0;0.0;0.0;0.0
435;Chase De Jong;PIT;3;0;0;0;0;0;0.0%;0.0%;.000;.000;.000;.000;.000;.000;;0.0;0.0;0.0;0.0
436;Germán Márquez;COL;3;0;0;0;0;0;0.0%;0.0%;.000;.000;.000;.000;.000;.000;;0.0;0.0;0.0;0.0
437;Tim Mayza;TOR;10;0;0;0;0;0;0.0%;0.0%;.000;.000;.000;.000;.000;.000;;0.0;0.0;0.0;0.0
438;Trevor Gott;SEA;13;0;0;0;0;0;0.0%;0.0%;.000;.000;.000;.000;.000;.000;;0.0;0.0;0.0;0.0
439;Austin Voth;BAL;9;0;0;0;0;0;0.0%;0.0%;.000;.000;.000;.000;.000;.000;;0.0;0.0;0.0;0.0
440;Yency Almonte;LAD;12;0;0;0;0;0;0.0%;0.0%;.000;.000;.000;.000;.000;.000;;0.0;0.0;0.0;0.0
441;Rob Zastryzny;PIT;6;0;0;0;0;0;0.0%;0.0%;.000;.000;.000;.000;.000;.000;;0.0;0.0;0.0;0.0
442;Justin Topa;SEA;12;0;0;0;0;0;0.0%;0.0%;.000;.000;.000;.000;.000;.000;;0.0;0.0;0.0;0.0
443;Jimmy Yacabonis;NYM;3;0;0;0;0;0;0.0%;0.0%;.000;.000;.000;.000;.000;.000;;0.0;0.0;0.0;0.0
444;Jake Bauers;NYY;1;0;0;0;0;0;0.0%;0.0%;.000;.000;.000;.000;.000;.000;;0.0;0.0;0.0;0.0
445;Cole Sulser;ARI;2;0;0;0;0;0;0.0%;0.0%;.000;.000;.000;.000;.000;.000;;0.0;0.0;0.0;0.0
446;Keynan Middleton;CHW;9;0;0;0;0;0;0.0%;0.0%;.000;.000;.000;.000;.000;.000;;0.0;0.0;0.0;0.0
447;Adam Cimber;TOR;10;0;0;0;0;0;0.0%;0.0%;.000;.000;.000;.000;.000;.000;;0.0;0.0;0.0;0.0
448;Kevin Herget;CIN;4;0;0;0;0;0;0.0%;0.0%;.000;.000;.000;.000;.000;.000;;0.0;0.0;0.0;0.0
449;Andrew Heaney;TEX;5;0;0;0;0;0;0.0%;0.0%;.000;.000;.000;.000;.000;.000;;0.0;0.0;0.0;0.0
450;Matthew Boyd;DET;5;0;0;0;0;0;0.0%;0.0%;.000;.000;.000;.000;.000;.000;;0.0;0.0;0.0;0.0
451;Nick Pivetta;BOS;5;0;0;0;0;0;0.0%;0.0%;.000;.000;.000;.000;.000;.000;;0.0;0.0;0.0;0.0
452;Marco Gonzales;SEA;5;0;0;0;0;0;0.0%;0.0%;.000;.000;.000;.000;.000;.000;;0.0;0.0;0.0;0.0
453;Lucas Giolito;CHW;6;0;0;0;0;0;0.0%;0.0%;.000;.000;.000;.000;.000;.000;;0.0;0.0;0.0;0.0
454;Hunter Harvey;WSN;10;0;0;0;0;0;0.0%;0.0%;.000;.000;.000;.000;.000;.000;;0.0;0.0;0.0;0.0
455;Kendall Graveman;CHW;10;0;0;0;0;0;0.0%;0.0%;.000;.000;.000;.000;.000;.000;;0.0;0.0;0.0;0.0
456;Tyler Rogers;SFG;12;0;0;0;0;0;0.0%;0.0%;.000;.000;.000;.000;.000;.000;;0.0;0.0;0.0;0.0
457;Mark Leiter Jr.;CHC;12;0;0;0;0;0;0.0%;0.0%;.000;.000;.000;.000;.000;.000;;0.0;0.0;0.0;0.0
458;Miguel Castro;ARI;12;0;0;0;0;0;0.0%;0.0%;.000;.000;.000;.000;.000;.000;;0.0;0.0;0.0;0.0
459;Luis Castillo;SEA;5;0;0;0;0;0;0.0%;0.0%;.000;.000;.000;.000;.000;.000;;0.0;0.0;0.0;0.0
460;Jimmy Cordero;NYY;10;0;0;0;0;0;0.0%;0.0%;.000;.000;.000;.000;.000;.000;;0.0;0.0;0.0;0.0
461;Brad Keller;KCR;6;0;0;0;0;0;0.0%;0.0%;.000;.000;.000;.000;.000;.000;;0.0;0.0;0.0;0.0
462;Joe Jiménez;ATL;9;0;0;0;0;0;0.0%;0.0%;.000;.000;.000;.000;.000;.000;;0.0;0.0;0.0;0.0
463;Devin Williams;MIL;10;0;0;0;0;0;0.0%;0.0%;.000;.000;.000;.000;.000;.000;;0.0;0.0;0.0;0.0
464;Sean Manaea;SFG;6;0;0;0;0;0;0.0%;0.0%;.000;.000;.000;.000;.000;.000;;0.0;0.0;0.0;0.0
465;Ryne Stanek;HOU;9;0;0;0;0;0;0.0%;0.0%;.000;.000;.000;.000;.000;.000;;0.0;0.0;0.0;0.0
466;Jordan Romano;TOR;12;0;0;0;0;0;0.0%;0.0%;.000;.000;.000;.000;.000;.000;;0.0;0.0;0.0;0.0
467;John Curtiss;NYM;8;0;0;0;0;0;0.0%;0.0%;.000;.000;.000;.000;.000;.000;;0.0;0.0;0.0;0.0
468;Aaron Nola;PHI;5;0;0;0;0;0;0.0%;0.0%;.000;.000;.000;.000;.000;.000;;0.0;0.0;0.0;0.0
469;Brandon Woodruff;MIL;2;0;0;0;0;0;0.0%;0.0%;.000;.000;.000;.000;.000;.000;;0.0;0.0;0.0;0.0
470;Spencer Turnbull;DET;6;0;0;0;0;0;0.0%;0.0%;.000;.000;.000;.000;.000;.000;;0.0;0.0;0.0;0.0
471;Jake Reed;LAD;1;0;0;0;0;0;0.0%;0.0%;.000;.000;.000;.000;.000;.000;;0.0;0.0;0.0;0.0
472;Kyle Freeland;COL;5;0;0;0;0;0;0.0%;0.0%;.000;.000;.000;.000;.000;.000;;0.0;0.0;0.0;0.0
473;Aaron Bummer;CHW;12;0;0;0;0;0;0.0%;0.0%;.000;.000;.000;.000;.000;.000;;0.0;0.0;0.0;0.0
474;Tyler Mahle;MIN;5;0;0;0;0;0;0.0%;0.0%;.000;.000;.000;.000;.000;.000;;0.0;0.0;0.0;0.0
475;Reynaldo López;CHW;13;0;0;0;0;0;0.0%;0.0%;.000;.000;.000;.000;.000;.000;;0.0;0.0;0.0;0.0
476;Yonny Chirinos;TBR;4;0;0;0;0;0;0.0%;0.0%;.000;.000;.000;.000;.000;.000;;0.0;0.0;0.0;0.0
477;Victor González;LAD;3;0;0;0;0;0;0.0%;0.0%;.000;.000;.000;.000;.000;.000;;0.0;0.0;0.0;0.0
478;Brent Honeywell;SDP;11;0;0;0;0;0;0.0%;0.0%;.000;.000;.000;.000;.000;.000;;0.0;0.0;0.0;0.0
479;Ryan Yarbrough;KCR;8;0;0;0;0;0;0.0%;0.0%;.000;.000;.000;.000;.000;.000;;0.0;0.0;0.0;0.0
480;Jordan Montgomery;STL;6;0;0;0;0;0;0.0%;0.0%;.000;.000;.000;.000;.000;.000;;0.0;0.0;0.0;0.0
481;Austin Gomber;COL;6;0;0;0;0;0;0.0%;0.0%;.000;.000;.000;.000;.000;.000;;0.0;0.0;0.0;0.0
482;Erik Swanson;TOR;13;0;0;0;0;0;0.0%;0.0%;.000;.000;.000;.000;.000;.000;;0.0;0.0;0.0;0.0
483;Bryan Abreu;HOU;12;0;0;0;0;0;0.0%;0.0%;.000;.000;.000;.000;.000;.000;;0.0;0.0;0.0;0.0
484;Jeff Brigham;NYM;5;0;0;0;0;0;0.0%;0.0%;.000;.000;.000;.000;.000;.000;;0.0;0.0;0.0;0.0
485;Ryan Thompson;TBR;8;0;0;0;0;0;0.0%;0.0%;.000;.000;.000;.000;.000;.000;;0.0;0.0;0.0;0.0
486;Julian Merryweather;CHC;11;0;0;0;0;0;0.0%;0.0%;.000;.000;.000;.000;.000;.000;;0.0;0.0;0.0;0.0
487;Brock Stewart;MIN;2;0;0;0;0;0;0.0%;0.0%;.000;.000;.000;.000;.000;.000;;0.0;0.0;0.0;0.0
488;Tim Hill;SDP;13;0;0;0;0;0;0.0%;0.0%;.000;.000;.000;.000;.000;.000;;0.0;0.0;0.0;0.0
489;Brennan Bernardino;BOS;4;0;0;0;0;0;0.0%;0.0%;.000;.000;.000;.000;.000;.000;;0.0;0.0;0.0;0.0
490;Luke Weaver;CIN;2;0;0;0;0;0;0.0%;0.0%;.000;.000;.000;.000;.000;.000;;0.0;0.0;0.0;0.0
491;Luis F. Ortiz;PHI;6;0;0;0;0;0;0.0%;0.0%;.000;.000;.000;.000;.000;.000;;0.0;0.0;0.0;0.0
492;Trevor Williams;WSN;5;0;0;0;0;0;0.0%;0.0%;.000;.000;.000;.000;.000;.000;;0.0;0.0;0.0;0.0
493;Tanner Banks;CHW;4;0;0;0;0;0;0.0%;0.0%;.000;.000;.000;.000;.000;.000;;0.0;0.0;0.0;0.0
494;Pablo López;MIN;5;0;0;0;0;0;0.0%;0.0%;.000;.000;.000;.000;.000;.000;;0.0;0.0;0.0;0.0
495;Domingo Acevedo;OAK;7;0;0;0;0;0;0.0%;0.0%;.000;.000;.000;.000;.000;.000;;0.0;0.0;0.0;0.0
496;Domingo Germán;NYY;5;0;0;0;0;0;0.0%;0.0%;.000;.000;.000;.000;.000;.000;;0.0;0.0;0.0;0.0
497;Gabe Speier;SEA;12;0;0;0;0;0;0.0%;0.0%;.000;.000;.000;.000;.000;.000;;0.0;0.0;0.0;0.0
498;Dinelson Lamet;COL;10;0;0;0;0;0;0.0%;0.0%;.000;.000;.000;.000;.000;.000;;0.0;0.0;0.0;0.0
499;Jalen Beeks;TBR;10;0;0;0;0;0;0.0%;0.0%;.000;.000;.000;.000;.000;.000;;0.0;0.0;0.0;0.0
500;Michael Kopech;CHW;5;0;0;0;0;0;0.0%;0.0%;.000;.000;.000;.000;.000;.000;;0.0;0.0;0.0;0.0
501;Javy Guerra;MIL;7;0;0;0;0;0;0.0%;0.0%;.000;.000;.000;.000;.000;.000;;0.0;0.0;0.0;0.0
502;Framber Valdez;HOU;5;0;0;0;0;0;0.0%;0.0%;.000;.000;.000;.000;.000;.000;;0.0;0.0;0.0;0.0
503;Justin Steele;CHC;6;0;0;0;0;0;0.0%;0.0%;.000;.000;.000;.000;.000;.000;;0.0;0.0;0.0;0.0
504;Josh Taylor;KCR;6;0;0;0;0;0;0.0%;0.0%;.000;.000;.000;.000;.000;.000;;0.0;0.0;0.0;0.0
505;Jonathan Hernández;TEX;11;0;0;0;0;0;0.0%;0.0%;.000;.000;.000;.000;.000;.000;;0.0;0.0;0.0;0.0
506;Jack Flaherty;STL;6;0;0;0;0;0;0.0%;0.0%;.000;.000;.000;.000;.000;.000;;0.0;0.0;0.0;0.0
507;Albert Abreu;NYY;9;0;0;0;0;0;0.0%;0.0%;.000;.000;.000;.000;.000;.000;;0.0;0.0;0.0;0.0
508;Génesis Cabrera;STL;11;0;0;0;0;0;0.0%;0.0%;.000;.000;.000;.000;.000;.000;;0.0;0.0;0.0;0.0
509;Diego Castillo;SEA;8;0;0;0;0;0;0.0%;0.0%;.000;.000;.000;.000;.000;.000;;0.0;0.0;0.0;0.0
510;Jimmy Herget;LAA;7;0;0;0;0;0;0.0%;0.0%;.000;.000;.000;.000;.000;.000;;0.0;0.0;0.0;0.0
511;Tanner Scott;MIA;11;0;0;0;0;0;0.0%;0.0%;.000;.000;.000;.000;.000;.000;;0.0;0.0;0.0;0.0
512;Mitch Keller;PIT;5;0;0;0;0;0;0.0%;0.0%;.000;.000;.000;.000;.000;.000;;0.0;0.0;0.0;0.0
513;Cristian Javier;HOU;5;0;0;0;0;0;0.0%;0.0%;.000;.000;.000;.000;.000;.000;;0.0;0.0;0.0;0.0
514;Taylor Clarke;KCR;11;0;0;0;0;0;0.0%;0.0%;.000;.000;.000;.000;.000;.000;;0.0;0.0;0.0;0.0
515;Justin Lawrence;COL;10;0;0;0;0;0;0.0%;0.0%;.000;.000;.000;.000;.000;.000;;0.0;0.0;0.0;0.0
516;Jeffrey Springs;TBR;3;0;0;0;0;0;0.0%;0.0%;.000;.000;.000;.000;.000;.000;;0.0;0.0;0.0;0.0
517;Jose Cuas;KCR;12;0;0;0;0;0;0.0%;0.0%;.000;.000;.000;.000;.000;.000;;0.0;0.0;0.0;0.0
518;Nabil Crismatt;SDP;5;0;0;0;0;0;0.0%;0.0%;.000;.000;.000;.000;.000;.000;;0.0;0.0;0.0;0.0
519;Evan Phillips;LAD;10;0;0;0;0;0;0.0%;0.0%;.000;.000;.000;.000;.000;.000;;0.0;0.0;0.0;0.0
520;Tyler Alexander;DET;8;0;0;0;0;0;0.0%;0.0%;.000;.000;.000;.000;.000;.000;;0.0;0.0;0.0;0.0
521;Drew Smith;NYM;10;0;0;0;0;0;0.0%;0.0%;.000;.000;.000;.000;.000;.000;;0.0;0.0;0.0;0.0
522;José Alvarado;PHI;12;0;0;0;0;0;0.0%;0.0%;.000;.000;.000;.000;.000;.000;;0.0;0.0;0.0;0.0
523;Trey Wingenter;DET;6;0;0;0;0;0;0.0%;0.0%;.000;.000;.000;.000;.000;.000;;0.0;0.0;0.0;0.0
524;Adbert Alzolay;CHC;11;0;0;0;0;0;0.0%;0.0%;.000;.000;.000;.000;.000;.000;;0.0;0.0;0.0;0.0
525;José Rodríguez;SEA;1;0;0;0;0;0;0.0%;0.0%;.000;.000;.000;.000;.000;.000;;0.0;0.0;0.0;0.0
526;Ian Gibaut;CIN;11;0;0;0;0;0;0.0%;0.0%;.000;.000;.000;.000;.000;.000;;0.0;0.0;0.0;0.0
527;Nestor Cortes;NYY;6;0;0;0;0;0;0.0%;0.0%;.000;.000;.000;.000;.000;.000;;0.0;0.0;0.0;0.0
528;Dennis Santana;NYM;7;0;0;0;0;0;0.0%;0.0%;.000;.000;.000;.000;.000;.000;;0.0;0.0;0.0;0.0
529;Tayler Saucedo;SEA;2;0;0;0;0;0;0.0%;0.0%;.000;.000;.000;.000;.000;.000;;0.0;0.0;0.0;0.0
530;Garrett Cleavinger;TBR;13;0;0;0;0;0;0.0%;0.0%;.000;.000;.000;.000;.000;.000;;0.0;0.0;0.0;0.0
531;Brock Burke;TEX;8;0;0;0;0;0;0.0%;0.0%;.000;.000;.000;.000;.000;.000;;0.0;0.0;0.0;0.0
532;Logan Webb;SFG;5;0;0;0;0;0;0.0%;0.0%;.000;.000;.000;.000;.000;.000;;0.0;0.0;0.0;0.0
533;Pete Fairbanks;TBR;7;0;0;0;0;0;0.0%;0.0%;.000;.000;.000;.000;.000;.000;;0.0;0.0;0.0;0.0
534;Phil Maton;HOU;10;0;0;0;0;0;0.0%;0.0%;.000;.000;.000;.000;.000;.000;;0.0;0.0;0.0;0.0
535;Ryan Helsley;STL;8;0;0;0;0;0;0.0%;0.0%;.000;.000;.000;.000;.000;.000;;0.0;0.0;0.0;0.0
536;Anthony Misiewicz;ARI;4;0;0;0;0;0;0.0%;0.0%;.000;.000;.000;.000;.000;.000;;0.0;0.0;0.0;0.0
537;Taylor Hearn;TEX;4;0;0;0;0;0;0.0%;0.0%;.000;.000;.000;.000;.000;.000;;0.0;0.0;0.0;0.0
538;James Kaprielian;OAK;6;0;0;0;0;0;0.0%;0.0%;.000;.000;.000;.000;.000;.000;;0.0;0.0;0.0;0.0
539;Alex Young;CIN;10;0;0;0;0;0;0.0%;0.0%;.000;.000;.000;.000;.000;.000;;0.0;0.0;0.0;0.0
540;Josh Staumont;KCR;6;0;0;0;0;0;0.0%;0.0%;.000;.000;.000;.000;.000;.000;;0.0;0.0;0.0;0.0
541;Nick Anderson;ATL;11;0;0;0;0;0;0.0%;0.0%;.000;.000;.000;.000;.000;.000;;0.0;0.0;0.0;0.0
542;Jaime Barria;LAA;8;0;0;0;0;0;0.0%;0.0%;.000;.000;.000;.000;.000;.000;;0.0;0.0;0.0;0.0
543;Connor Overton;CIN;3;0;0;0;0;0;0.0%;0.0%;.000;.000;.000;.000;.000;.000;;0.0;0.0;0.0;0.0
544;Enyel De Los Santos;CLE;8;0;0;0;0;0;0.0%;0.0%;.000;.000;.000;.000;.000;.000;;0.0;0.0;0.0;0.0
545;José Urquidy;HOU;6;0;0;0;0;0;0.0%;0.0%;.000;.000;.000;.000;.000;.000;;0.0;0.0;0.0;0.0
546;Danny Young;ATL;4;0;0;0;0;0;0.0%;0.0%;.000;.000;.000;.000;.000;.000;;0.0;0.0;0.0;0.0
547;Trevor Kelley;TBR;1;0;0;0;0;0;0.0%;0.0%;.000;.000;.000;.000;.000;.000;;0.0;0.0;0.0;0.0
548;Kenta Maeda;MIN;4;0;0;0;0;0;0.0%;0.0%;.000;.000;.000;.000;.000;.000;;0.0;0.0;0.0;0.0
549;Phil Bickford;LAD;9;0;0;0;0;0;0.0%;0.0%;.000;.000;.000;.000;.000;.000;;0.0;0.0;0.0;0.0
550;Dylan Cease;CHW;5;0;0;0;0;0;0.0%;0.0%;.000;.000;.000;.000;.000;.000;;0.0;0.0;0.0;0.0
551;Hobie Harris;WSN;9;0;0;0;0;0;0.0%;0.0%;.000;.000;.000;.000;.000;.000;;0.0;0.0;0.0;0.0
552;A.J. Minter;ATL;12;0;0;0;0;0;0.0%;0.0%;.000;.000;.000;.000;.000;.000;;0.0;0.0;0.0;0.0
553;Jake Woodford;STL;6;0;0;0;0;0;0.0%;0.0%;.000;.000;.000;.000;.000;.000;;0.0;0.0;0.0;0.0
554;Freddy Peralta;MIL;5;0;0;0;0;0;0.0%;0.0%;.000;.000;.000;.000;.000;.000;;0.0;0.0;0.0;0.0
555;Sandy Alcantara;MIA;4;0;0;0;0;0;0.0%;0.0%;.000;.000;.000;.000;.000;.000;;0.0;0.0;0.0;0.0
556;Zack Burdi;TBR;2;0;0;0;0;0;0.0%;0.0%;.000;.000;.000;.000;.000;.000;;0.0;0.0;0.0;0.0
557;José Quijada;LAA;10;0;0;0;0;0;0.0%;0.0%;.000;.000;.000;.000;.000;.000;;0.0;0.0;0.0;0.0
558;Jesse Scholtens;CHW;2;0;0;0;0;0;0.0%;0.0%;.000;.000;.000;.000;.000;.000;;0.0;0.0;0.0;0.0
559;Cole Irvin;BAL;3;0;0;0;0;0;0.0%;0.0%;.000;.000;.000;.000;.000;.000;;0.0;0.0;0.0;0.0
560;Seranthony Domínguez;PHI;13;0;0;0;0;0;0.0%;0.0%;.000;.000;.000;.000;.000;.000;;0.0;0.0;0.0;0.0
561;Ian Hamilton;NYY;9;0;0;0;0;0;0.0%;0.0%;.000;.000;.000;.000;.000;.000;;0.0;0.0;0.0;0.0
562;Zac Gallen;ARI;5;0;0;0;0;0;0.0%;0.0%;.000;.000;.000;.000;.000;.000;;0.0;0.0;0.0;0.0
563;Nick Solak;ATL;1;0;0;1;0;0;0.0%;0.0%;.000;.000;.000;.000;.000;.000;;0.0;0.0;0.0;0.0
564;Trevor Richards;TOR;10;0;0;0;0;0;0.0%;0.0%;.000;.000;.000;.000;.000;.000;;0.0;0.0;0.0;0.0
565;Cal Quantrill;CLE;5;0;0;0;0;0;0.0%;0.0%;.000;.000;.000;.000;.000;.000;;0.0;0.0;0.0;0.0
566;Eric Lauer;MIL;5;0;0;0;0;0;0.0%;0.0%;.000;.000;.000;.000;.000;.000;;0.0;0.0;0.0;0.0
567;Joey Lucchesi;NYM;2;0;0;0;0;0;0.0%;0.0%;.000;.000;.000;.000;.000;.000;;0.0;0.0;0.0;0.0
568;Matt Festa;SEA;3;0;0;0;0;0;0.0%;0.0%;.000;.000;.000;.000;.000;.000;;0.0;0.0;0.0;0.0
569;Richard Lovelady;OAK;6;0;0;0;0;0;0.0%;0.0%;.000;.000;.000;.000;.000;.000;;0.0;0.0;0.0;0.0
570;A.J. Puk;MIA;10;0;0;0;0;0;0.0%;0.0%;.000;.000;.000;.000;.000;.000;;0.0;0.0;0.0;0.0
571;Caleb Ferguson;LAD;11;0;0;0;0;0;0.0%;0.0%;.000;.000;.000;.000;.000;.000;;0.0;0.0;0.0;0.0
572;Dean Kremer;BAL;6;0;0;0;0;0;0.0%;0.0%;.000;.000;.000;.000;.000;.000;;0.0;0.0;0.0;0.0
573;Corbin Burnes;MIL;5;0;0;0;0;0;0.0%;0.0%;.000;.000;.000;.000;.000;.000;;0.0;0.0;0.0;0.0
574;Keegan Akin;BAL;9;0;0;0;0;0;0.0%;0.0%;.000;.000;.000;.000;.000;.000;;0.0;0.0;0.0;0.0
575;Tony Gonsolin;LAD;1;0;0;0;0;0;0.0%;0.0%;.000;.000;.000;.000;.000;.000;;0.0;0.0;0.0;0.0
576;Colin Poche;TBR;11;0;0;0;0;0;0.0%;0.0%;.000;.000;.000;.000;.000;.000;;0.0;0.0;0.0;0.0
577;Ronel Blanco;HOU;8;0;0;0;0;0;0.0%;0.0%;.000;.000;.000;.000;.000;.000;;0.0;0.0;0.0;0.0
578;Dane Dunning;TEX;8;0;0;0;0;0;0.0%;0.0%;.000;.000;.000;.000;.000;.000;;0.0;0.0;0.0;0.0
579;Shane Bieber;CLE;5;0;0;0;0;0;0.0%;0.0%;.000;.000;.000;.000;.000;.000;;0.0;0.0;0.0;0.0
580;Yohan Ramírez;PIT;4;0;0;0;0;0;0.0%;0.0%;.000;.000;.000;.000;.000;.000;;0.0;0.0;0.0;0.0
581;Patrick Sandoval;LAA;5;0;0;0;0;0;0.0%;0.0%;.000;.000;.000;.000;.000;.000;;0.0;0.0;0.0;0.0
582;Michael Rucker;CHC;12;0;0;0;0;0;0.0%;0.0%;.000;.000;.000;.000;.000;.000;;0.0;0.0;0.0;0.0
583;Jorge Alcala;MIN;6;0;0;0;0;0;0.0%;0.0%;.000;.000;.000;.000;.000;.000;;0.0;0.0;0.0;0.0
584;Aaron Civale;CLE;2;0;0;0;0;0;0.0%;0.0%;.000;.000;.000;.000;.000;.000;;0.0;0.0;0.0;0.0
585;Andrew Vasquez;PHI;7;0;0;0;0;0;0.0%;0.0%;.000;.000;.000;.000;.000;.000;;0.0;0.0;0.0;0.0
586;Devin Smeltzer;MIA;5;0;0;0;0;0;0.0%;0.0%;.000;.000;.000;.000;.000;.000;;0.0;0.0;0.0;0.0
587;Zach Jackson;OAK;13;0;0;0;0;0;0.0%;0.0%;.000;.000;.000;.000;.000;.000;;0.0;0.0;0.0;0.0
588;Jason Foley;DET;12;0;0;0;0;0;0.0%;0.0%;.000;.000;.000;.000;.000;.000;;0.0;0.0;0.0;0.0
589;Jimmy Lambert;CHW;13;0;0;0;0;0;0.0%;0.0%;.000;.000;.000;.000;.000;.000;;0.0;0.0;0.0;0.0
590;Stephen Nogosek;NYM;3;0;0;0;0;0;0.0%;0.0%;.000;.000;.000;.000;.000;.000;;0.0;0.0;0.0;0.0
591;David Bednar;PIT;12;0;0;0;0;0;0.0%;0.0%;.000;.000;.000;.000;.000;.000;;0.0;0.0;0.0;0.0
592;JoJo Romero;STL;4;0;0;0;0;0;0.0%;0.0%;.000;.000;.000;.000;.000;.000;;0.0;0.0;0.0;0.0
593;Cionel Pérez;BAL;12;0;0;0;0;0;0.0%;0.0%;.000;.000;.000;.000;.000;.000;;0.0;0.0;0.0;0.0
594;Jordan Hicks;STL;11;0;0;0;0;0;0.0%;0.0%;.000;.000;.000;.000;.000;.000;;0.0;0.0;0.0;0.0
595;Kyle Wright;ATL;4;0;0;0;0;0;0.0%;0.0%;.000;.000;.000;.000;.000;.000;;0.0;0.0;0.0;0.0
596;Gregory Soto;PHI;13;0;0;0;0;0;0.0%;0.0%;.000;.000;.000;.000;.000;.000;;0.0;0.0;0.0;0.0
597;Connor Seabold;COL;7;0;0;0;0;0;0.0%;0.0%;.000;.000;.000;.000;.000;.000;;0.0;0.0;0.0;0.0
598;Dustin May;LAD;5;0;0;0;0;0;0.0%;0.0%;.000;.000;.000;.000;.000;.000;;0.0;0.0;0.0;0.0
599;Jonathan Loáisiga;NYY;2;0;0;0;0;0;0.0%;0.0%;.000;.000;.000;.000;.000;.000;;0.0;0.0;0.0;0.0
600;Reiver Sanmartin;CIN;11;0;0;0;0;0;0.0%;0.0%;.000;.000;.000;.000;.000;.000;;0.0;0.0;0.0;0.0
601;Will Vest;DET;4;0;0;0;0;0;0.0%;0.0%;.000;.000;.000;.000;.000;.000;;0.0;0.0;0.0;0.0
602;Keegan Thompson;CHC;9;0;0;0;0;0;0.0%;0.0%;.000;.000;.000;.000;.000;.000;;0.0;0.0;0.0;0.0
603;Wil Crowe;PIT;5;0;0;0;0;0;0.0%;0.0%;.000;.000;.000;.000;.000;.000;;0.0;0.0;0.0;0.0
604;Bryan Baker;BAL;13;0;0;0;0;0;0.0%;0.0%;.000;.000;.000;.000;.000;.000;;0.0;0.0;0.0;0.0
605;Daniel Castano;MIA;1;0;0;0;0;0;0.0%;0.0%;.000;.000;.000;.000;.000;.000;;0.0;0.0;0.0;0.0
606;Michael King;NYY;8;0;0;0;0;0;0.0%;0.0%;.000;.000;.000;.000;.000;.000;;0.0;0.0;0.0;0.0
607;Griffin Canning;LAA;3;0;0;0;0;0;0.0%;0.0%;.000;.000;.000;.000;.000;.000;;0.0;0.0;0.0;0.0
608;Tucker Davidson;LAA;6;0;0;0;0;0;0.0%;0.0%;.000;.000;.000;.000;.000;.000;;0.0;0.0;0.0;0.0
609;Kevin Ginkel;ARI;12;0;0;0;0;0;0.0%;0.0%;.000;.000;.000;.000;.000;.000;;0.0;0.0;0.0;0.0
610;Tanner Houck;BOS;5;0;0;0;0;0;0.0%;0.0%;.000;.000;.000;.000;.000;.000;;0.0;0.0;0.0;0.0
611;Alex Lange;DET;13;0;0;0;0;0;0.0%;0.0%;.000;.000;.000;.000;.000;.000;;0.0;0.0;0.0;0.0
612;Clarke Schmidt;NYY;6;0;0;0;0;0;0.0%;0.0%;.000;.000;.000;.000;.000;.000;;0.0;0.0;0.0;0.0
613;José Suarez;LAA;5;0;0;0;0;0;0.0%;0.0%;.000;.000;.000;.000;.000;.000;;0.0;0.0;0.0;0.0
614;Trevor Stephan;CLE;11;0;0;0;0;0;0.0%;0.0%;.000;.000;.000;.000;.000;.000;;0.0;0.0;0.0;0.0
615;Jesús Luzardo;MIA;5;0;0;0;0;0;0.0%;0.0%;.000;.000;.000;.000;.000;.000;;0.0;0.0;0.0;0.0
616;Joey Wentz;DET;5;0;0;0;0;0;0.0%;0.0%;.000;.000;.000;.000;.000;.000;;0.0;0.0;0.0;0.0
617;Tyson Miller;MIL;1;0;0;0;0;0;0.0%;0.0%;.000;.000;.000;.000;.000;.000;;0.0;0.0;0.0;0.0
618;Zach Plesac;CLE;5;0;0;0;0;0;0.0%;0.0%;.000;.000;.000;.000;.000;.000;;0.0;0.0;0.0;0.0
619;Bryse Wilson;MIL;9;0;0;0;0;0;0.0%;0.0%;.000;.000;.000;.000;.000;.000;;0.0;0.0;0.0;0.0
620;Joel Kuhnel;CIN;1;0;0;0;0;0;0.0%;0.0%;.000;.000;.000;.000;.000;.000;;0.0;0.0;0.0;0.0
621;Dylan Lee;ATL;12;0;0;0;0;0;0.0%;0.0%;.000;.000;.000;.000;.000;.000;;0.0;0.0;0.0;0.0
622;Tyler Wells;BAL;5;0;0;0;0;0;0.0%;0.0%;.000;.000;.000;.000;.000;.000;;0.0;0.0;0.0;0.0
623;John Schreiber;BOS;14;0;0;0;0;0;0.0%;0.0%;.000;.000;.000;.000;.000;.000;;0.0;0.0;0.0;0.0
624;Darren McCaughan;SEA;1;0;0;0;0;0;0.0%;0.0%;.000;.000;.000;.000;.000;.000;;0.0;0.0;0.0;0.0
625;Kaleb Ort;BOS;11;0;0;0;0;0;0.0%;0.0%;.000;.000;.000;.000;.000;.000;;0.0;0.0;0.0;0.0
626;Bailey Falter;PHI;6;0;0;0;0;0;0.0%;0.0%;.000;.000;.000;.000;.000;.000;;0.0;0.0;0.0;0.0
627;Calvin Faucher;TBR;8;0;0;0;0;0;0.0%;0.0%;.000;.000;.000;.000;.000;.000;;0.0;0.0;0.0;0.0
628;Adam Oller;OAK;8;0;0;0;0;0;0.0%;0.0%;.000;.000;.000;.000;.000;.000;;0.0;0.0;0.0;0.0
629;James Karinchak;CLE;14;0;0;0;0;0;0.0%;0.0%;.000;.000;.000;.000;.000;.000;;0.0;0.0;0.0;0.0
630;Nate Pearson;TOR;1;0;0;0;0;0;0.0%;0.0%;.000;.000;.000;.000;.000;.000;;0.0;0.0;0.0;0.0
631;Kyle Muller;OAK;5;0;0;0;0;0;0.0%;0.0%;.000;.000;.000;.000;.000;.000;;0.0;0.0;0.0;0.0
632;Zach Pop;TOR;12;0;0;0;0;0;0.0%;0.0%;.000;.000;.000;.000;.000;.000;;0.0;0.0;0.0;0.0
633;Chad Smith;OAK;8;0;0;0;0;0;0.0%;0.0%;.000;.000;.000;.000;.000;.000;;0.0;0.0;0.0;0.0
634;Garrett Whitlock;BOS;3;0;0;0;0;0;0.0%;0.0%;.000;.000;.000;.000;.000;.000;;0.0;0.0;0.0;0.0
635;Eli Morgan;CLE;9;0;0;0;0;0;0.0%;0.0%;.000;.000;.000;.000;.000;.000;;0.0;0.0;0.0;0.0
636;Mike Baumann;BAL;12;0;0;0;0;0;0.0%;0.0%;.000;.000;.000;.000;.000;.000;;0.0;0.0;0.0;0.0
637;Griffin Jax;MIN;12;0;0;0;0;0;0.0%;0.0%;.000;.000;.000;.000;.000;.000;;0.0;0.0;0.0;0.0
638;David Peterson;NYM;5;0;0;0;0;0;0.0%;0.0%;.000;.000;.000;.000;.000;.000;;0.0;0.0;0.0;0.0
639;Zack Kelly;BOS;5;0;0;0;0;0;0.0%;0.0%;.000;.000;.000;.000;.000;.000;;0.0;0.0;0.0;0.0
640;Steven Wilson;SDP;13;0;0;0;0;0;0.0%;0.0%;.000;.000;.000;.000;.000;.000;;0.0;0.0;0.0;0.0
641;Brusdar Graterol;LAD;13;0;0;0;0;0;0.0%;0.0%;.000;.000;.000;.000;.000;.000;;0.0;0.0;0.0;0.0
642;Matt Manning;DET;2;0;0;0;0;0;0.0%;0.0%;.000;.000;.000;.000;.000;.000;;0.0;0.0;0.0;0.0
643;Andrés Muñoz;SEA;3;0;0;0;0;0;0.0%;0.0%;.000;.000;.000;.000;.000;.000;;0.0;0.0;0.0;0.0
644;Greg Weissert;NYY;4;0;0;0;0;0;0.0%;0.0%;.000;.000;.000;.000;.000;.000;;0.0;0.0;0.0;0.0
645;Josh Fleming;TBR;5;0;0;0;0;0;0.0%;0.0%;.000;.000;.000;.000;.000;.000;;0.0;0.0;0.0;0.0
646;Jovani Moran;MIN;9;0;0;0;0;0;0.0%;0.0%;.000;.000;.000;.000;.000;.000;;0.0;0.0;0.0;0.0
647;Peter Solomon;ARI;5;0;0;0;0;0;0.0%;0.0%;.000;.000;.000;.000;.000;.000;;0.0;0.0;0.0;0.0
648;J.B. Bukauskas;SEA;1;0;0;0;0;0;0.0%;0.0%;.000;.000;.000;.000;.000;.000;;0.0;0.0;0.0;0.0
649;Braden Bristo;TBR;1;0;0;0;0;0;0.0%;0.0%;.000;.000;.000;.000;.000;.000;;0.0;0.0;0.0;0.0
650;Kyle Nelson;ARI;11;0;0;0;0;0;0.0%;0.0%;.000;.000;.000;.000;.000;.000;;0.0;0.0;0.0;0.0
651;Nick Sandlin;CLE;10;0;0;0;0;0;0.0%;0.0%;.000;.000;.000;.000;.000;.000;;0.0;0.0;0.0;0.0
652;Denyi Reyes;NYM;5;0;0;0;0;0;0.0%;0.0%;.000;.000;.000;.000;.000;.000;;0.0;0.0;0.0;0.0
653;Kutter Crawford;BOS;7;0;0;1;0;0;0.0%;0.0%;.000;.000;.000;.000;.000;.000;;0.0;0.0;0.0;0.0
654;Edwin Uceta;NYM;1;0;0;0;0;0;0.0%;0.0%;.000;.000;.000;.000;.000;.000;;0.0;0.0;0.0;0.0
655;Yusei Kikuchi;TOR;5;0;0;0;0;0;0.0%;0.0%;.000;.000;.000;.000;.000;.000;;0.0;0.0;0.0;0.0
656;Félix Bautista;BAL;13;0;0;0;0;0;0.0%;0.0%;.000;.000;.000;.000;.000;.000;;0.0;0.0;0.0;0.0
657;Cristopher Sánchez;PHI;1;0;0;0;0;0;0.0%;0.0%;.000;.000;.000;.000;.000;.000;;0.0;0.0;0.0;0.0
658;Adrián Martínez;OAK;6;0;0;0;0;0;0.0%;0.0%;.000;.000;.000;.000;.000;.000;;0.0;0.0;0.0;0.0
659;Jhoan Duran;MIN;11;0;0;0;0;0;0.0%;0.0%;.000;.000;.000;.000;.000;.000;;0.0;0.0;0.0;0.0
660;Emmanuel Clase;CLE;14;0;0;0;0;0;0.0%;0.0%;.000;.000;.000;.000;.000;.000;;0.0;0.0;0.0;0.0
661;Seth Martinez;HOU;8;0;0;0;0;0;0.0%;0.0%;.000;.000;.000;.000;.000;.000;;0.0;0.0;0.0;0.0
662;Dauri Moreta;PIT;10;0;0;0;0;0;0.0%;0.0%;.000;.000;.000;.000;.000;.000;;0.0;0.0;0.0;0.0
663;Alexis Díaz;CIN;11;0;0;0;0;0;0.0%;0.0%;.000;.000;.000;.000;.000;.000;;0.0;0.0;0.0;0.0
664;Dany Jiménez;OAK;6;0;0;0;0;0;0.0%;0.0%;.000;.000;.000;.000;.000;.000;;0.0;0.0;0.0;0.0
665;Connor Brogdon;PHI;12;0;0;0;0;0;0.0%;0.0%;.000;.000;.000;.000;.000;.000;;0.0;0.0;0.0;0.0
666;Bailey Ober;MIN;2;0;0;0;0;0;0.0%;0.0%;.000;.000;.000;.000;.000;.000;;0.0;0.0;0.0;0.0
667;Jake Bird;COL;12;0;0;0;0;0;0.0%;0.0%;.000;.000;.000;.000;.000;.000;;0.0;0.0;0.0;0.0
668;Andre Jackson;LAD;5;0;0;0;0;0;0.0%;0.0%;.000;.000;.000;.000;.000;.000;;0.0;0.0;0.0;0.0
669;Tylor Megill;NYM;5;0;0;0;0;0;0.0%;0.0%;.000;.000;.000;.000;.000;.000;;0.0;0.0;0.0;0.0
670;Peter Strzelecki;MIL;13;0;0;0;0;0;0.0%;0.0%;.000;.000;.000;.000;.000;.000;;0.0;0.0;0.0;0.0
671;Joe Ryan;MIN;5;0;0;0;0;0;0.0%;0.0%;.000;.000;.000;.000;.000;.000;;0.0;0.0;0.0;0.0
672;Ryan Feltner;COL;5;0;0;0;0;0;0.0%;0.0%;.000;.000;.000;.000;.000;.000;;0.0;0.0;0.0;0.0
673;Konnor Pilkington;CLE;1;0;0;0;0;0;0.0%;0.0%;.000;.000;.000;.000;.000;.000;;0.0;0.0;0.0;0.0
674;Kris Bubic;KCR;3;0;0;0;0;0;0.0%;0.0%;.000;.000;.000;.000;.000;.000;;0.0;0.0;0.0;0.0
675;Cole Sands;MIN;2;0;0;0;0;0;0.0%;0.0%;.000;.000;.000;.000;.000;.000;;0.0;0.0;0.0;0.0
676;Sean Hjelle;SFG;9;0;0;0;0;0;0.0%;0.0%;.000;.000;.000;.000;.000;.000;;0.0;0.0;0.0;0.0
677;Shane McClanahan;TBR;5;0;0;0;0;0;0.0%;0.0%;.000;.000;.000;.000;.000;.000;;0.0;0.0;0.0;0.0
678;Thaddeus Ward;WSN;6;0;0;0;0;0;0.0%;0.0%;.000;.000;.000;.000;.000;.000;;0.0;0.0;0.0;0.0
679;Hogan Harris;OAK;1;0;0;0;0;0;0.0%;0.0%;.000;.000;.000;.000;.000;.000;;0.0;0.0;0.0;0.0
680;Reiss Knehr;SDP;3;0;0;0;0;0;0.0%;0.0%;.000;.000;.000;.000;.000;.000;;0.0;0.0;0.0;0.0
681;Tristan Beck;SFG;3;0;0;0;0;0;0.0%;0.0%;.000;.000;.000;.000;.000;.000;;0.0;0.0;0.0;0.0
682;Jake Cousins;MIL;2;0;0;0;0;0;0.0%;0.0%;.000;.000;.000;.000;.000;.000;;0.0;0.0;0.0;0.0
683;Luis Medina;OAK;1;0;0;0;0;0;0.0%;0.0%;.000;.000;.000;.000;.000;.000;;0.0;0.0;0.0;0.0
684;Elvis Peguero;MIL;3;0;0;0;0;0;0.0%;0.0%;.000;.000;.000;.000;.000;.000;;0.0;0.0;0.0;0.0
685;Edward Cabrera;MIA;6;0;0;0;0;0;0.0%;0.0%;.000;.000;.000;.000;.000;.000;;0.0;0.0;0.0;0.0
686;Javier Assad;CHC;3;0;0;0;0;0;0.0%;0.0%;.000;.000;.000;.000;.000;.000;;0.0;0.0;0.0;0.0
687;Braxton Garrett;MIA;5;0;0;0;0;0;0.0%;0.0%;.000;.000;.000;.000;.000;.000;;0.0;0.0;0.0;0.0
688;Cole Ragans;TEX;7;0;0;0;0;0;0.0%;0.0%;.000;.000;.000;.000;.000;.000;;0.0;0.0;0.0;0.0
689;Mason Thompson;WSN;10;0;0;0;0;0;0.0%;0.0%;.000;.000;.000;.000;.000;.000;;0.0;0.0;0.0;0.0
690;George Soriano;MIA;3;0;0;0;0;0;0.0%;0.0%;.000;.000;.000;.000;.000;.000;;0.0;0.0;0.0;0.0
691;Gregory Santos;CHW;13;0;0;0;0;0;0.0%;0.0%;.000;.000;.000;.000;.000;.000;;0.0;0.0;0.0;0.0
692;Yerry Rodríguez;TEX;1;0;0;0;0;0;0.0%;0.0%;.000;.000;.000;.000;.000;.000;;0.0;0.0;0.0;0.0
693;Camilo Doval;SFG;11;0;0;0;0;0;0.0%;0.0%;.000;.000;.000;.000;.000;.000;;0.0;0.0;0.0;0.0
694;Luis Frías;ARI;2;0;0;0;0;0;0.0%;0.0%;.000;.000;.000;.000;.000;.000;;0.0;0.0;0.0;0.0
695;Easton McGee;SEA;1;0;0;0;0;0;0.0%;0.0%;.000;.000;.000;.000;.000;.000;;0.0;0.0;0.0;0.0
696;Hunter Greene;CIN;5;0;0;0;0;0;0.0%;0.0%;.000;.000;.000;.000;.000;.000;;0.0;0.0;0.0;0.0
697;MacKenzie Gore;WSN;5;0;0;0;0;0;0.0%;0.0%;.000;.000;.000;.000;.000;.000;;0.0;0.0;0.0;0.0
698;DL Hall;BAL;1;0;0;0;0;0;0.0%;0.0%;.000;.000;.000;.000;.000;.000;;0.0;0.0;0.0;0.0
699;Jeremiah Estrada;CHC;2;0;0;0;0;0;0.0%;0.0%;.000;.000;.000;.000;.000;.000;;0.0;0.0;0.0;0.0
700;Logan Gilbert;SEA;5;0;0;0;0;0;0.0%;0.0%;.000;.000;.000;.000;.000;.000;;0.0;0.0;0.0;0.0
701;Dylan Coleman;KCR;4;0;0;0;0;0;0.0%;0.0%;.000;.000;.000;.000;.000;.000;;0.0;0.0;0.0;0.0
702;Trevor Rogers;MIA;4;0;0;0;0;0;0.0%;0.0%;.000;.000;.000;.000;.000;.000;;0.0;0.0;0.0;0.0
703;Mason Englert;DET;8;0;0;0;0;0;0.0%;0.0%;.000;.000;.000;.000;.000;.000;;0.0;0.0;0.0;0.0
704;Jose Hernandez;PIT;9;0;0;0;0;0;0.0%;0.0%;.000;.000;.000;.000;.000;.000;;0.0;0.0;0.0;0.0
705;Colin Holderman;PIT;12;0;0;0;0;0;0.0%;0.0%;.000;.000;.000;.000;.000;.000;;0.0;0.0;0.0;0.0
706;Josh Winckowski;BOS;9;0;0;0;0;0;0.0%;0.0%;.000;.000;.000;.000;.000;.000;;0.0;0.0;0.0;0.0
707;Logan Gillaspie;BAL;7;0;0;0;0;0;0.0%;0.0%;.000;.000;.000;.000;.000;.000;;0.0;0.0;0.0;0.0
708;Johan Oviedo;PIT;6;0;0;0;0;0;0.0%;0.0%;.000;.000;.000;.000;.000;.000;;0.0;0.0;0.0;0.0
709;Taj Bradley;TBR;3;0;0;0;0;0;0.0%;0.0%;.000;.000;.000;.000;.000;.000;;0.0;0.0;0.0;0.0
710;Carlos Hernández;KCR;11;0;0;0;0;0;0.0%;0.0%;.000;.000;.000;.000;.000;.000;;0.0;0.0;0.0;0.0
711;Roansy Contreras;PIT;5;0;0;0;0;0;0.0%;0.0%;.000;.000;.000;.000;.000;.000;;0.0;0.0;0.0;0.0
712;Carlos Vargas;ARI;4;0;0;0;0;0;0.0%;0.0%;.000;.000;.000;.000;.000;.000;;0.0;0.0;0.0;0.0
713;Michael Grove;LAD;4;0;0;0;0;0;0.0%;0.0%;.000;.000;.000;.000;.000;.000;;0.0;0.0;0.0;0.0
714;Cody Bolton;PIT;1;0;0;0;0;0;0.0%;0.0%;.000;.000;.000;.000;.000;.000;;0.0;0.0;0.0;0.0
715;Packy Naughton;STL;4;0;0;0;0;0;0.0%;0.0%;.000;.000;.000;.000;.000;.000;;0.0;0.0;0.0;0.0
716;Janson Junk;MIL;1;0;0;0;0;0;0.0%;0.0%;.000;.000;.000;.000;.000;.000;;0.0;0.0;0.0;0.0
717;José Buttó;NYM;2;0;0;0;0;0;0.0%;0.0%;.000;.000;.000;.000;.000;.000;;0.0;0.0;0.0;0.0
718;JP Sears;OAK;5;0;0;0;0;0;0.0%;0.0%;.000;.000;.000;.000;.000;.000;;0.0;0.0;0.0;0.0
719;Tom Cosgrove;SDP;1;0;0;0;0;0;0.0%;0.0%;.000;.000;.000;.000;.000;.000;;0.0;0.0;0.0;0.0
720;Brandon Hughes;CHC;5;0;0;0;0;0;0.0%;0.0%;.000;.000;.000;.000;.000;.000;;0.0;0.0;0.0;0.0
721;Ron Marinaccio;NYY;9;0;0;0;0;0;0.0%;0.0%;.000;.000;.000;.000;.000;.000;;0.0;0.0;0.0;0.0
722;Luis Garcia;HOU;5;0;0;0;0;0;0.0%;0.0%;.000;.000;.000;.000;.000;.000;;0.0;0.0;0.0;0.0
723;Justin Bruihl;LAD;5;0;0;0;0;0;0.0%;0.0%;.000;.000;.000;.000;.000;.000;;0.0;0.0;0.0;0.0
724;Ryan Weathers;SDP;5;0;0;0;0;0;0.0%;0.0%;.000;.000;.000;.000;.000;.000;;0.0;0.0;0.0;0.0
725;Ray Kerr;SDP;2;0;0;0;0;0;0.0%;0.0%;.000;.000;.000;.000;.000;.000;;0.0;0.0;0.0;0.0
726;Brayan Bello;BOS;3;0;0;0;0;0;0.0%;0.0%;.000;.000;.000;.000;.000;.000;;0.0;0.0;0.0;0.0
727;Grayson Rodriguez;BAL;5;0;0;0;0;0;0.0%;0.0%;.000;.000;.000;.000;.000;.000;;0.0;0.0;0.0;0.0
728;Simeon Woods Richardson;MIN;1;0;0;0;0;0;0.0%;0.0%;.000;.000;.000;.000;.000;.000;;0.0;0.0;0.0;0.0
729;Josiah Gray;WSN;6;0;0;0;0;0;0.0%;0.0%;.000;.000;.000;.000;.000;.000;;0.0;0.0;0.0;0.0
730;Kyle Bradish;BAL;4;0;0;0;0;0;0.0%;0.0%;.000;.000;.000;.000;.000;.000;;0.0;0.0;0.0;0.0
731;Josh Winder;MIN;1;0;0;0;0;0;0.0%;0.0%;.000;.000;.000;.000;.000;.000;;0.0;0.0;0.0;0.0
732;Gus Varland;MIL;5;0;0;0;0;0;0.0%;0.0%;.000;.000;.000;.000;.000;.000;;0.0;0.0;0.0;0.0
733;Andrew Wantz;LAA;8;0;0;0;0;0;0.0%;0.0%;.000;.000;.000;.000;.000;.000;;0.0;0.0;0.0;0.0
734;Austin Warren;LAA;2;0;0;0;0;0;0.0%;0.0%;.000;.000;.000;.000;.000;.000;;0.0;0.0;0.0;0.0
735;Cooper Criswell;TBR;2;0;0;0;0;0;0.0%;0.0%;.000;.000;.000;.000;.000;.000;;0.0;0.0;0.0;0.0
736;Alex Vesia;LAD;11;0;0;0;0;0;0.0%;0.0%;.000;.000;.000;.000;.000;.000;;0.0;0.0;0.0;0.0
737;Garrett Hill;DET;5;0;0;0;0;0;0.0%;0.0%;.000;.000;.000;.000;.000;.000;;0.0;0.0;0.0;0.0
738;Tim Herrin;CLE;9;0;0;0;0;0;0.0%;0.0%;.000;.000;.000;.000;.000;.000;;0.0;0.0;0.0;0.0
739;Penn Murfee;SEA;13;0;0;0;0;0;0.0%;0.0%;.000;.000;.000;.000;.000;.000;;0.0;0.0;0.0;0.0
740;Nick Mears;COL;1;0;0;0;0;0;0.0%;0.0%;.000;.000;.000;.000;.000;.000;;0.0;0.0;0.0;0.0
741;Brady Singer;KCR;6;0;0;0;0;0;0.0%;0.0%;.000;.000;.000;.000;.000;.000;;0.0;0.0;0.0;0.0
742;Sam Long;OAK;2;0;0;0;0;0;0.0%;0.0%;.000;.000;.000;.000;.000;.000;;0.0;0.0;0.0;0.0
743;Drew Rasmussen;TBR;6;0;0;0;0;0;0.0%;0.0%;.000;.000;.000;.000;.000;.000;;0.0;0.0;0.0;0.0
744;Jhony Brito;NYY;6;0;0;0;0;0;0.0%;0.0%;.000;.000;.000;.000;.000;.000;;0.0;0.0;0.0;0.0
745;George Kirby;SEA;5;0;0;0;0;0;0.0%;0.0%;.000;.000;.000;.000;.000;.000;;0.0;0.0;0.0;0.0
746;Xzavion Curry;CLE;6;0;0;0;0;0;0.0%;0.0%;.000;.000;.000;.000;.000;.000;;0.0;0.0;0.0;0.0
747;Hunter Gaddis;CLE;4;0;0;0;0;0;0.0%;0.0%;.000;.000;.000;.000;.000;.000;;0.0;0.0;0.0;0.0
748;Levi Stoudt;CIN;1;0;0;0;0;0;0.0%;0.0%;.000;.000;.000;.000;.000;.000;;0.0;0.0;0.0;0.0
749;McKinley Moore;PHI;3;0;0;0;0;0;0.0%;0.0%;.000;.000;.000;.000;.000;.000;;0.0;0.0;0.0;0.0
750;Kevin Kelly;TBR;10;0;0;0;0;0;0.0%;0.0%;.000;.000;.000;.000;.000;.000;;0.0;0.0;0.0;0.0
751;Matt Brash;SEA;15;0;0;0;0;0;0.0%;0.0%;.000;.000;.000;.000;.000;.000;;0.0;0.0;0.0;0.0
752;Peyton Battenfield;CLE;4;0;0;0;0;0;0.0%;0.0%;.000;.000;.000;.000;.000;.000;;0.0;0.0;0.0;0.0
753;Jeff Lindgren;MIA;1;0;0;0;0;0;0.0%;0.0%;.000;.000;.000;.000;.000;.000;;0.0;0.0;0.0;0.0
754;Noah Davis;COL;3;0;0;0;0;0;0.0%;0.0%;.000;.000;.000;.000;.000;.000;;0.0;0.0;0.0;0.0
755;Hunter Brown;HOU;5;0;0;0;0;0;0.0%;0.0%;.000;.000;.000;.000;.000;.000;;0.0;0.0;0.0;0.0
756;Yennier Cano;BAL;9;0;0;0;0;0;0.0%;0.0%;.000;.000;.000;.000;.000;.000;;0.0;0.0;0.0;0.0
757;Zack Thompson;STL;10;0;0;0;0;0;0.0%;0.0%;.000;.000;.000;.000;.000;.000;;0.0;0.0;0.0;0.0
758;Casey Legumina;CIN;3;0;0;0;0;0;0.0%;0.0%;.000;.000;.000;.000;.000;.000;;0.0;0.0;0.0;0.0
759;Andrew Nardi;MIA;13;0;0;0;0;0;0.0%;0.0%;.000;.000;.000;.000;.000;.000;;0.0;0.0;0.0;0.0
760;Andre Pallante;STL;7;0;0;0;0;0;0.0%;0.0%;.000;.000;.000;.000;.000;.000;;0.0;0.0;0.0;0.0
761;Caleb Kilian;CHC;1;0;0;0;0;0;0.0%;0.0%;.000;.000;.000;.000;.000;.000;;0.0;0.0;0.0;0.0
762;Tyler Holton;DET;5;0;0;0;0;0;0.0%;0.0%;.000;.000;.000;.000;.000;.000;;0.0;0.0;0.0;0.0
763;Ryne Nelson;ARI;6;0;0;0;0;0;0.0%;0.0%;.000;.000;.000;.000;.000;.000;;0.0;0.0;0.0;0.0
764;Drey Jameson;ARI;5;0;0;0;0;0;0.0%;0.0%;.000;.000;.000;.000;.000;.000;;0.0;0.0;0.0;0.0
765;Tommy Henry;ARI;2;0;0;0;0;0;0.0%;0.0%;.000;.000;.000;.000;.000;.000;;0.0;0.0;0.0;0.0
766;Bryan Hoeing;MIA;2;0;0;0;0;0;0.0%;0.0%;.000;.000;.000;.000;.000;.000;;0.0;0.0;0.0;0.0
767;Nick Lodolo;CIN;6;0;0;0;0;0;0.0%;0.0%;.000;.000;.000;.000;.000;.000;;0.0;0.0;0.0;0.0
768;Alek Manoah;TOR;5;0;0;0;0;0;0.0%;0.0%;.000;.000;.000;.000;.000;.000;;0.0;0.0;0.0;0.0
769;Reid Detmers;LAA;5;0;0;0;0;0;0.0%;0.0%;.000;.000;.000;.000;.000;.000;;0.0;0.0;0.0;0.0
770;Jared Shuster;ATL;2;0;0;0;0;0;0.0%;0.0%;.000;.000;.000;.000;.000;.000;;0.0;0.0;0.0;0.0
771;Spencer Strider;ATL;5;0;0;0;0;0;0.0%;0.0%;.000;.000;.000;.000;.000;.000;;0.0;0.0;0.0;0.0
772;Graham Ashcraft;CIN;5;0;0;0;0;0;0.0%;0.0%;.000;.000;.000;.000;.000;.000;;0.0;0.0;0.0;0.0
773;Hayden Wesneski;CHC;5;0;0;0;0;0;0.0%;0.0%;.000;.000;.000;.000;.000;.000;;0.0;0.0;0.0;0.0
774;Logan Allen;CLE;2;0;0;0;0;0;0.0%;0.0%;.000;.000;.000;.000;.000;.000;;0.0;0.0;0.0;0.0
775;Ken Waldichuk;OAK;6;0;0;0;0;0;0.0%;0.0%;.000;.000;.000;.000;.000;.000;;0.0;0.0;0.0;0.0
776;Louie Varland;MIN;1;0;0;0;0;0;0.0%;0.0%;.000;.000;.000;.000;.000;.000;;0.0;0.0;0.0;0.0
777;Brent Headrick;MIN;3;0;0;0;0;0;0.0%;0.0%;.000;.000;.000;.000;.000;.000;;0.0;0.0;0.0;0.0
778;Bryce Elder;ATL;5;0;0;0;0;0;0.0%;0.0%;.000;.000;.000;.000;.000;.000;;0.0;0.0;0.0;0.0
779;Dylan Dodd;ATL;2;0;0;0;0;0;0.0%;0.0%;.000;.000;.000;.000;.000;.000;;0.0;0.0;0.0;0.0
780;Chase Silseth;LAA;2;0;0;0;0;0;0.0%;0.0%;.000;.000;.000;.000;.000;.000;;0.0;0.0;0.0;0.0
781;Tanner Bibee;CLE;1;0;0;0;0;0;0.0%;0.0%;.000;.000;.000;.000;.000;.000;;0.0;0.0;0.0;0.0
782;Mason Miller;OAK;2;0;0;0;0;0;0.0%;0.0%;.000;.000;.000;.000;.000;.000;;0.0;0.0;0.0;0.0
783;Kodai Senga;NYM;5;0;0;0;0;0;0.0%;0.0%;.000;.000;.000;.000;.000;.000;;0.0;0.0;0.0;0.0
784;Shintaro Fujinami;OAK;6;0;0;0;0;0;0.0%;0.0%;.000;.000;.000;.000;.000;.000;;0.0;0.0;0.0;0.0
785;Omar Narváez;NYM;3;13;0;0;2;0;7.7%;15.4%;.000;.300;.273;.308;.273;.257;62;0.0;-0.7;0.2;0.0
786;Alek Thomas;ARI;26;91;2;13;8;2;8.8%;23.1%;.148;.237;.198;.275;.346;.272;68;0.8;-2.9;-0.2;0.0
787;Bobby Dalbec;BOS;4;11;0;0;0;1;18.2%;45.5%;.000;.500;.222;.364;.222;.287;74;0.2;-0.2;-0.3;0.0
788;Anthony Bemboom;BAL;2;3;0;0;0;0;33.3%;0.0%;.000;.000;.000;.333;.000;.232;44;0.0;-0.2;0.1;0.0
789;Sandy León;TEX;8;16;0;2;4;0;6.3%;37.5%;.071;.375;.214;.313;.286;.277;71;-0.1;-0.7;0.1;0.0
790;Brett Phillips;LAA;12;9;0;1;1;2;33.3%;55.6%;.000;.000;.000;.333;.000;.232;40;0.5;-0.2;-0.2;0.0
791;Kyle Garlick;MIN;3;7;1;1;1;0;0.0%;28.6%;.429;.000;.143;.143;.571;.286;81;0.0;-0.2;-0.1;0.0
792;Keibert Ruiz;WSN;22;95;2;6;8;0;8.4%;7.4%;.106;.276;.271;.347;.376;.323;101;-0.9;-0.8;-2.5;0.0
793;José Azocar;SDP;18;40;0;6;1;5;2.5%;17.5%;.054;.333;.270;.289;.324;.270;71;1.0;-0.4;-1.1;0.0
794;Jeter Downs;WSN;1;2;0;0;0;0;50.0%;50.0%;.000;.000;.000;.500;.000;.348;118;0.0;0.0;-0.3;0.0
795;Luis Guillorme;NYM;17;47;0;7;2;0;14.9%;19.1%;.025;.323;.250;.362;.275;.299;90;-0.1;-0.7;-1.1;0.0
796;Rob Refsnyder;BOS;18;56;1;7;8;0;16.1%;21.4%;.087;.242;.196;.339;.283;.293;78;0.0;-1.5;-0.7;0.0
797;Corey Dickerson;WSN;1;3;0;0;0;0;33.3%;66.7%;.000;.000;.000;.333;.000;.232;40;0.0;-0.3;-0.1;0.0
798;Yonny Hernández;LAD;1;1;0;0;0;0;0.0%;0.0%;.000;.000;.000;.000;.000;.000;-100;0.0;-0.3;0.0;0.0
799;Joey Ortiz;BAL;3;9;0;1;4;0;0.0%;11.1%;.000;.250;.250;.222;.250;.196;19;0.0;-0.9;0.3;0.0
800;Evan Longoria;ARI;15;56;3;7;6;0;7.1%;28.6%;.196;.242;.216;.268;.412;.290;79;-0.3;-1.7;-0.4;0.0
801;James McCann;BAL;10;31;2;4;4;0;0.0%;16.1%;.226;.167;.194;.194;.419;.255;60;-0.1;-1.5;0.2;0.0
802;Francisco Alvarez;NYM;12;37;1;3;2;0;2.7%;35.1%;.083;.273;.194;.216;.278;.216;35;-0.3;-3.3;1.8;0.0
803;Kyle Stowers;BAL;4;10;0;0;0;0;20.0%;40.0%;.000;.250;.125;.300;.125;.227;41;0.0;-0.7;0.1;0.0
804;Tyler Heineman;PIT;3;10;0;1;0;1;10.0%;10.0%;.000;.125;.111;.200;.111;.158;-10;0.2;-1.2;0.5;0.0
805;Curt Casali;CIN;12;29;0;1;0;0;10.3%;20.7%;.000;.278;.208;.321;.208;.258;53;-0.1;-1.8;0.5;0.0
806;Kyle Farmer;MIN;10;33;1;6;5;0;3.0%;33.3%;.133;.263;.200;.242;.333;.248;55;0.0;-1.8;0.3;0.0
807;Matt Beaty;SFG;3;4;0;1;1;0;0.0%;25.0%;.000;.333;.250;.250;.250;.221;37;0.0;-0.3;-0.2;0.0
808;Luis Campusano;SDP;7;22;1;3;2;0;0.0%;27.3%;.190;.267;.238;.227;.429;.268;70;-0.2;-1.0;-0.1;0.0
809;David Dahl;SDP;3;5;1;1;1;0;0.0%;0.0%;.600;.000;.200;.200;.800;.401;159;0.0;0.4;-1.0;0.0
810;Luis Rengifo;LAA;22;80;1;12;9;2;13.8%;20.0%;.060;.260;.209;.338;.269;.287;78;-0.1;-2.2;-1.0;0.0
811;Edwin Ríos;CHC;11;23;1;3;2;0;21.7%;34.8%;.222;.111;.111;.304;.333;.292;82;0.0;-0.6;-0.7;0.0
812;Oswald Peraza;NYY;10;35;0;4;3;1;8.6%;17.1%;.034;.217;.172;.314;.207;.258;62;-0.3;-1.9;0.2;0.0
813;Tommy La Stella;SEA;11;21;0;2;2;0;14.3%;23.8%;.056;.308;.222;.333;.278;.285;83;-0.2;-0.7;-0.6;-0.1
814;Matt Reynolds;CIN;1;4;0;0;0;0;0.0%;50.0%;.000;.500;.250;.250;.250;.221;28;0.1;-0.2;-0.4;-0.1
815;Justin Turner;BOS;28;122;2;11;8;1;10.7%;12.3%;.106;.273;.250;.352;.356;.319;96;-0.9;-1.5;-3.2;-0.1
816;Travis d'Arnaud;ATL;7;28;0;1;3;0;0.0%;14.3%;.071;.292;.250;.250;.321;.246;49;-0.1;-1.9;0.4;-0.1
817;Nathan Lukes;TOR;5;5;0;0;0;0;20.0%;20.0%;.000;.000;.000;.200;.000;.139;-21;0.0;-0.7;0.0;-0.1
818;Jake Fraley;CIN;25;86;2;8;16;3;12.8%;19.8%;.137;.255;.219;.326;.356;.300;81;0.0;-2.0;-1.4;-0.1
819;Jake Lamb;LAA;15;45;1;4;3;0;6.7%;24.4%;.095;.267;.214;.267;.310;.256;56;-0.2;-2.5;0.4;-0.1
820;Robbie Grossman;TEX;22;83;2;15;11;0;9.6%;22.9%;.125;.302;.250;.325;.375;.307;92;-0.2;-1.1;-2.3;-0.1
821;Tyler O'Neill;STL;25;85;1;10;4;1;7.1%;34.1%;.089;.367;.241;.294;.329;.277;73;-0.2;-3.1;-0.4;-0.1
822;Riley Greene;DET;26;112;2;13;7;2;7.1%;33.0%;.096;.338;.231;.286;.327;.271;69;0.6;-3.6;-0.8;-0.1
823;Will Brennan;CLE;22;60;1;8;10;2;5.0%;13.3%;.130;.217;.204;.267;.333;.264;66;0.2;-2.3;-0.4;-0.1
824;José Caballero;SEA;9;23;0;3;1;2;8.7%;30.4%;.050;.214;.150;.217;.200;.191;18;0.3;-1.9;0.5;-0.1
825;Josh Smith;TEX;21;63;1;8;1;0;11.1%;30.2%;.063;.214;.146;.339;.208;.278;72;0.0;-2.2;-0.6;-0.1
826;Miles Mastrobuoni;CHC;7;17;0;0;1;1;0.0%;29.4%;.059;.333;.235;.235;.294;.229;40;0.2;-1.1;-0.1;-0.1
827;Michael Harris II;ATL;7;22;0;2;1;2;4.5%;18.2%;.048;.235;.190;.227;.238;.209;24;0.5;-1.6;0.2;-0.1
828;Freddy Fermin;KCR;3;7;0;0;0;0;0.0%;28.6%;.000;.200;.143;.143;.143;.126;-36;0.0;-1.1;0.3;-0.1
829;Leody Taveras;TEX;16;59;0;10;5;1;6.8%;27.1%;.111;.289;.204;.271;.315;.260;59;0.0;-2.9;0.3;-0.1
830;Jesse Winker;MIL;16;59;0;7;11;0;10.2%;15.3%;.061;.293;.245;.356;.306;.306;90;-0.3;-1.1;-1.6;-0.1
831;Riley Adams;WSN;4;18;0;1;2;0;5.6%;22.2%;.063;.333;.250;.294;.313;.270;66;0.0;-0.8;-0.5;-0.1
832;Darick Hall;PHI;5;14;0;1;0;0;0.0%;14.3%;.071;.333;.286;.286;.357;.278;71;-0.3;-0.8;-0.3;-0.1
833;Josh Donaldson;NYY;4;13;1;1;1;0;7.7%;30.8%;.250;.000;.083;.154;.333;.208;27;0.0;-1.2;0.0;-0.1
834;Jonathan Schoop;DET;17;48;0;3;0;0;8.3%;25.0%;.045;.313;.227;.292;.273;.257;59;-0.2;-2.6;0.2;-0.1
835;Jorge Soler;MIA;25;99;4;10;9;0;10.1%;24.2%;.218;.237;.207;.303;.425;.312;94;-0.5;-1.2;-2.8;-0.1
836;Ty France;SEA;26;110;0;15;12;1;8.2%;14.5%;.084;.263;.221;.318;.305;.285;83;-0.5;-2.8;-1.7;-0.1
837;Gabriel Arias;CLE;17;43;1;2;1;0;9.3%;44.2%;.103;.316;.179;.256;.282;.243;52;-0.2;-2.7;0.5;-0.1
838;Yu Chang;BOS;17;47;3;5;8;1;2.1%;25.5%;.205;.103;.136;.174;.341;.219;27;0.0;-4.1;1.8;-0.1
839;Bryan De La Cruz;MIA;23;95;2;8;9;1;6.3%;31.6%;.125;.368;.261;.305;.386;.300;86;-0.4;-2.1;-2.0;-0.1
840;Tucker Barnhart;CHC;12;33;0;1;2;0;3.0%;36.4%;.000;.316;.200;.242;.200;.204;23;-0.3;-3.5;1.6;-0.1
841;Ezequiel Tovar;COL;24;86;0;9;8;0;5.8%;31.4%;.100;.321;.213;.267;.313;.257;42;-0.1;-6.3;2.5;-0.1
842;Charlie Blackmon;COL;25;107;1;10;6;0;12.1%;12.1%;.101;.276;.247;.364;.348;.324;87;-0.9;-2.6;-1.9;-0.1
843;Luis Torrens;CHC;13;22;0;1;3;0;4.5%;36.4%;.050;.417;.250;.318;.300;.282;75;-0.1;-0.7;-0.9;-0.1
844;Chris Taylor;LAD;22;72;5;9;11;2;6.9%;41.7%;.242;.188;.167;.222;.409;.266;66;0.4;-2.7;-0.6;-0.1
845;Dylan Carlson;STL;20;64;0;7;5;1;4.7%;20.3%;.068;.319;.254;.297;.322;.273;71;0.1;-2.3;-0.8;-0.1
846;Cam Gallagher;CLE;10;27;0;0;2;0;7.4%;25.9%;.042;.118;.083;.185;.125;.157;-8;0.0;-3.5;1.7;-0.1
847;Avisaíl García;MIA;20;69;3;6;8;1;2.9%;31.9%;.159;.263;.206;.254;.365;.269;65;0.0;-3.0;-0.3;-0.1
848;Alec Burleson;STL;23;87;3;10;8;0;5.7%;11.5%;.205;.231;.231;.286;.436;.309;95;-0.5;-1.1;-2.8;-0.1
849;Jose Miranda;MIN;27;112;3;11;12;0;6.3%;14.3%;.115;.271;.250;.304;.365;.295;87;0.0;-1.8;-3.0;-0.1
850;Luis García Jr.;WSN;21;84;2;10;13;1;6.0%;7.1%;.130;.225;.234;.274;.364;.274;68;-0.3;-3.6;-0.3;-0.1
851;Joey Wendle;MIA;2;7;0;0;0;0;14.3%;28.6%;.000;.000;.000;.143;.000;.099;-49;0.0;-1.3;0.0;-0.1
852;Bryce Johnson;SFG;10;20;1;2;1;0;0.0%;50.0%;.150;.222;.150;.150;.300;.188;15;0.2;-1.9;0.2;-0.1
853;Eli White;ATL;6;17;0;1;0;0;11.8%;41.2%;.000;.143;.071;.235;.071;.176;2;0.0;-2.1;0.5;-0.1
854;Brice Turang;MIL;25;77;2;8;9;3;6.5%;31.2%;.111;.283;.208;.260;.319;.256;56;0.1;-4.1;0.4;-0.1
855;Hanser Alberto;CHW;8;19;1;3;4;0;0.0%;10.5%;.158;.188;.211;.211;.368;.245;50;-0.1;-1.2;-0.5;-0.1
856;Jackie Bradley Jr.;KCR;20;49;0;5;1;0;8.2%;20.4%;.045;.206;.159;.245;.205;.212;24;-0.1;-4.6;1.8;-0.1
857;Kris Bryant;COL;24;101;3;9;7;0;7.9%;18.8%;.130;.329;.283;.347;.413;.334;94;-0.6;-1.4;-3.2;-0.1
858;Heliot Ramos;SFG;9;27;0;1;1;0;3.7%;29.6%;.077;.278;.192;.222;.269;.216;34;0.0;-2.2;0.2;-0.1
859;Roberto Pérez;SFG;4;15;0;0;1;0;13.3%;33.3%;.000;.125;.077;.200;.077;.152;-9;0.0;-2.1;0.4;-0.1
860;Christian Arroyo;BOS;22;66;0;9;6;1;6.1%;22.7%;.049;.326;.246;.292;.295;.263;57;0.3;-3.1;-0.4;-0.1
861;Mark Mathias;PIT;12;39;0;3;4;1;12.8%;20.5%;.029;.385;.294;.385;.324;.325;101;-0.5;-0.4;-2.1;-0.1
862;Jordan Luplow;TOR;4;7;0;1;0;0;14.3%;57.1%;.000;.000;.000;.143;.000;.099;-49;0.0;-1.3;-0.2;-0.1
863;Chadwick Tromp;ATL;4;10;0;0;1;0;0.0%;50.0%;.000;.200;.100;.100;.100;.088;-57;0.0;-2.0;0.4;-0.1
864;Ryan Kreidler;DET;10;15;0;2;0;0;0.0%;33.3%;.000;.200;.133;.133;.133;.118;-38;0.1;-2.3;0.6;-0.1
865;Jordan Diaz;OAK;11;33;1;3;4;0;0.0%;36.4%;.121;.350;.242;.242;.364;.259;65;-0.1;-1.5;-0.9;-0.1
866;Brandon Dixon;SDP;5;12;0;1;0;0;0.0%;66.7%;.000;.500;.167;.167;.167;.147;-11;0.0;-1.6;0.0;-0.1
867;Meibrys Viloria;CLE;10;4;0;0;0;0;25.0%;0.0%;.000;.000;.000;.250;.000;.174;4;0.0;-0.5;-0.9;-0.1
868;Adam Frazier;BAL;27;86;3;13;10;3;9.3%;11.6%;.128;.200;.205;.279;.333;.272;72;0.3;-2.5;-1.7;-0.1
869;Josh Naylor;CLE;23;88;3;5;14;2;9.1%;15.9%;.143;.206;.208;.273;.351;.265;67;0.0;-3.5;-0.8;-0.1
870;Matt Wallner;MIN;6;11;0;1;0;0;9.1%;36.4%;.000;.000;.000;.273;.000;.195;18;-0.4;-1.5;-0.3;-0.1
871;Francisco Mejía;TBR;14;50;1;9;5;0;8.0%;26.0%;.111;.250;.200;.260;.311;.251;60;0.1;-2.3;-0.8;-0.1
872;Vidal Bruján;TBR;11;21;0;5;3;0;0.0%;33.3%;.000;.385;.250;.286;.250;.245;55;-0.3;-1.4;-0.7;-0.1
873;Rylan Bannon;HOU;2;6;0;0;0;0;0.0%;50.0%;.000;.000;.000;.000;.000;.000;-100;0.0;-1.6;-0.1;-0.1
874;Jose Barrero;CIN;23;76;1;8;11;3;10.5%;26.3%;.104;.319;.239;.316;.343;.293;76;-0.3;-2.5;-1.5;-0.1
875;Mike Brosseau;MIL;17;53;3;3;7;0;7.5%;20.8%;.224;.229;.224;.283;.449;.313;95;-0.2;-0.5;-2.8;-0.2
876;Kyle Lewis;ARI;4;13;0;0;0;0;0.0%;46.2%;.077;.286;.154;.154;.231;.164;-5;0.0;-1.7;-0.3;-0.2
877;Elvis Andrus;CHW;27;105;0;9;9;3;6.7%;19.0%;.043;.253;.202;.276;.245;.236;44;0.2;-6.9;1.7;-0.2
878;Ildemaro Vargas;WSN;7;13;0;2;0;0;7.7%;7.7%;.000;.091;.083;.154;.083;.121;-34;0.0;-2.1;0.1;-0.2
879;Luke Williams;LAD;4;10;0;0;0;1;0.0%;30.0%;.000;.143;.100;.100;.100;.088;-53;0.2;-1.7;-0.2;-0.2
880;Josh Bell;CLE;25;109;3;7;13;0;11.9%;22.9%;.189;.250;.211;.303;.400;.302;92;-1.3;-2.3;-3.0;-0.2
881;Mike Moustakas;COL;18;56;1;9;9;0;14.3%;25.0%;.156;.273;.222;.321;.378;.296;68;-0.4;-2.6;-1.0;-0.2
882;Eloy Jiménez;CHW;19;79;2;7;7;0;10.1%;26.6%;.113;.292;.225;.304;.338;.287;79;-0.2;-2.2;-2.1;-0.2
883;Michael Busch;LAD;3;11;0;1;1;0;9.1%;45.5%;.000;.200;.100;.182;.100;.143;-16;0.1;-1.5;-0.5;-0.2
884;Garrett Cooper;MIA;22;90;2;4;11;0;4.4%;30.0%;.095;.339;.250;.289;.345;.278;71;-0.5;-3.7;-1.0;-0.2
885;Bubba Thompson;TEX;16;35;0;6;3;1;2.9%;25.7%;.182;.292;.212;.235;.394;.265;62;-0.1;-1.7;-1.2;-0.2
886;Brett Sullivan;SDP;4;10;0;0;0;0;0.0%;10.0%;.000;.111;.100;.100;.100;.088;-50;0.0;-1.8;-0.2;-0.2
887;Anthony Santander;BAL;24;101;2;8;11;0;9.9%;27.7%;.148;.262;.205;.277;.352;.273;73;-0.2;-3.5;-1.7;-0.2
888;Terrin Vavra;BAL;15;31;0;5;0;0;9.7%;25.8%;.000;.333;.231;.310;.231;.255;60;-0.2;-1.7;-1.1;-0.2
889;Spencer Steer;CIN;24;100;1;11;8;1;8.0%;24.0%;.124;.323;.247;.320;.371;.304;84;-0.6;-2.5;-2.6;-0.2
890;Andy Ibáñez;DET;3;8;0;0;0;0;0.0%;62.5%;.000;.000;.000;.000;.000;.000;-100;0.0;-2.1;0.0;-0.2
891;Blake Perkins;MIL;10;14;0;1;0;0;0.0%;35.7%;.000;.143;.083;.083;.083;.074;-66;0.1;-2.8;0.5;-0.2
892;Seth Brown;OAK;7;28;1;2;2;0;7.1%;28.6%;.154;.176;.154;.214;.308;.229;44;-0.2;-2.1;-0.7;-0.2
893;Ehire Adrianza;ATL;4;9;0;0;0;0;11.1%;44.4%;.000;.000;.000;.111;.000;.077;-64;0.0;-1.8;-0.3;-0.2
894;Garrett Stubbs;PHI;6;19;0;2;0;0;5.3%;31.6%;.000;.182;.118;.211;.118;.168;-3;0.1;-2.3;-0.2;-0.2
895;Kyle Isbel;KCR;22;82;0;6;6;2;3.7%;22.0%;.103;.233;.179;.220;.282;.220;29;0.5;-6.5;1.8;-0.2
896;Eduardo Escobar;NYM;15;55;2;6;8;0;5.5%;20.0%;.200;.158;.160;.204;.360;.237;49;-0.1;-3.6;-0.2;-0.2
897;Nolan Arenado;STL;27;116;2;11;11;1;6.0%;22.4%;.074;.284;.231;.276;.306;.254;58;-0.5;-6.6;0.7;-0.2
898;Trey Mancini;CHC;23;93;3;11;13;0;5.4%;26.9%;.118;.328;.259;.297;.376;.293;82;-0.8;-2.8;-2.3;-0.2
899;Isiah Kiner-Falefa;NYY;21;53;0;4;2;3;5.7%;15.1%;.000;.238;.200;.245;.200;.206;26;0.5;-4.2;0.2;-0.2
900;Nick Maton;DET;25;93;4;10;13;0;12.9%;28.0%;.198;.196;.173;.280;.370;.282;76;0.1;-2.6;-2.8;-0.2
901;Starling Marte;NYM;22;87;1;9;7;6;9.2%;18.4%;.091;.233;.195;.287;.286;.262;66;0.5;-3.2;-2.0;-0.2
902;Joey Meneses;WSN;25;112;1;8;9;0;4.5%;21.4%;.084;.354;.280;.313;.364;.297;84;-0.9;-3.1;-2.9;-0.2
903;Franchy Cordero;NYY;18;55;4;6;11;0;3.6%;36.4%;.245;.138;.151;.182;.396;.242;51;0.0;-3.3;-0.9;-0.2
904;Santiago Espinal;TOR;15;47;1;6;7;1;6.4%;10.6%;.070;.189;.186;.255;.256;.234;45;-0.4;-3.5;-0.4;-0.2
905;Rougned Odor;SDP;13;34;0;3;2;0;11.8%;32.4%;.067;.158;.100;.206;.167;.181;12;0.2;-3.5;0.1;-0.2
906;David Fletcher;LAA;8;16;0;0;1;0;0.0%;18.8%;.000;.154;.125;.125;.125;.110;-44;0.0;-2.8;0.0;-0.2
907;Nick Allen;OAK;7;17;0;2;0;0;5.9%;11.8%;.000;.071;.063;.118;.063;.093;-50;0.0;-3.1;0.2;-0.2
908;Austin Meadows;DET;5;17;0;0;2;0;0.0%;17.6%;.000;.143;.118;.118;.118;.104;-47;0.0;-3.0;0.0;-0.2
909;Brian Serven;COL;9;21;0;0;1;0;0.0%;42.9%;.048;.250;.143;.143;.190;.143;-34;-0.2;-3.7;0.6;-0.2
910;Austin Nola;SDP;19;68;1;3;5;0;13.2%;27.9%;.086;.211;.155;.279;.241;.247;56;-0.1;-3.8;-0.9;-0.2
911;Josh Harrison;PHI;17;46;1;4;5;0;2.2%;23.9%;.093;.258;.209;.261;.302;.252;53;0.1;-2.6;-1.4;-0.2
912;Miguel Rojas;LAD;9;27;0;0;0;0;11.1%;14.8%;.000;.100;.083;.185;.083;.143;-17;0.0;-3.9;0.6;-0.2
913;Kevin Newman;CIN;18;65;2;7;10;0;3.1%;15.4%;.115;.240;.230;.262;.344;.263;56;-0.5;-4.0;-0.7;-0.3
914;Amed Rosario;CLE;21;94;1;12;5;4;5.3%;27.7%;.115;.290;.218;.255;.333;.253;59;0.7;-3.9;-1.8;-0.3
915;Cooper Hummel;SEA;9;22;0;1;0;0;9.1%;31.8%;.050;.154;.100;.182;.150;.160;-4;0.1;-2.6;-0.7;-0.3
916;Willie Calhoun;NYY;12;41;0;2;3;0;4.9%;19.5%;.026;.290;.237;.268;.263;.236;47;-0.1;-2.7;-1.4;-0.3
917;Kevin Smith;OAK;20;66;2;6;6;1;1.5%;34.8%;.115;.278;.197;.210;.311;.224;41;-0.1;-4.7;-0.2;-0.3
918;Tyler Nevin;DET;10;27;1;1;4;0;11.1%;25.9%;.136;.067;.091;.222;.227;.211;27;-0.1;-2.5;-1.1;-0.3
919;Wil Myers;CIN;22;85;2;8;9;1;8.2%;34.1%;.103;.319;.218;.282;.321;.269;60;-0.1;-4.3;-1.3;-0.3
920;Brett Wisely;SFG;8;17;0;0;1;0;0.0%;41.2%;.000;.100;.059;.059;.059;.052;-76;-0.1;-3.8;0.3;-0.3
921;Andrew Knizner;STL;8;28;0;2;0;0;7.1%;35.7%;.000;.267;.160;.222;.160;.182;10;-0.2;-3.4;-0.5;-0.3
922;Brad Miller;TEX;13;42;0;4;3;0;14.3%;9.5%;.029;.188;.171;.286;.200;.234;41;0.0;-2.9;-1.4;-0.3
923;Sam Haggerty;SEA;11;25;0;1;0;3;12.0%;24.0%;.000;.125;.091;.200;.091;.154;-8;0.5;-2.7;-1.1;-0.3
924;Will Benson;CIN;7;17;0;0;0;0;5.9%;47.1%;.000;.125;.063;.118;.063;.093;-58;0.0;-3.3;-0.2;-0.3
925;Alan Trejo;COL;20;59;0;3;5;1;3.4%;22.0%;.054;.279;.214;.241;.268;.225;21;0.2;-5.5;0.5;-0.3
926;Vaughn Grissom;ATL;13;49;0;2;6;0;2.0%;12.2%;.021;.341;.298;.327;.319;.289;77;-0.6;-2.0;-2.8;-0.3
927;Ji Man Choi;PIT;9;32;2;3;2;0;0.0%;46.9%;.219;.133;.125;.125;.344;.192;12;0.0;-3.5;-0.8;-0.3
928;Jacob Stallings;MIA;13;46;0;2;3;0;10.9%;26.1%;.049;.172;.122;.217;.171;.187;10;-0.5;-5.6;0.8;-0.3
929;Jason Vosler;CIN;19;61;3;6;8;0;4.9%;39.3%;.190;.194;.155;.197;.345;.231;35;0.2;-4.7;-0.7;-0.3
930;Harold Castro;COL;14;35;0;4;7;0;0.0%;17.1%;.030;.276;.242;.229;.273;.212;12;-0.2;-4.0;-0.6;-0.3
931;Tom Murphy;SEA;10;33;0;0;0;0;0.0%;39.4%;.061;.300;.182;.182;.242;.182;12;-0.1;-3.6;-1.0;-0.3
932;Jake McCarthy;ARI;20;63;1;8;3;2;7.9%;15.9%;.107;.178;.161;.254;.268;.239;45;-0.2;-4.5;-1.0;-0.3
933;Oswaldo Cabrera;NYY;24;87;1;8;7;4;4.6%;17.2%;.086;.242;.210;.244;.296;.231;43;0.5;-5.4;-0.9;-0.3
934;MJ Melendez;KCR;24;101;2;9;10;0;9.9%;35.6%;.146;.269;.180;.267;.326;.263;59;0.2;-4.8;-2.1;-0.3
935;Brandon Belt;TOR;16;61;1;5;5;0;9.8%;41.0%;.109;.276;.164;.246;.273;.235;45;-0.3;-4.3;-1.3;-0.3
936;Hunter Dozier;KCR;20;63;1;6;5;2;6.3%;33.3%;.068;.243;.169;.222;.237;.208;21;0.8;-5.2;-0.5;-0.3
937;Oscar Colás;CHW;23;78;1;8;7;2;6.4%;24.4%;.070;.269;.211;.260;.282;.241;47;0.0;-5.0;-1.2;-0.3
938;Yonathan Daza;COL;21;70;0;6;7;0;4.3%;12.9%;.094;.304;.266;.304;.359;.290;64;-0.4;-3.5;-2.4;-0.4
939;Canaan Smith-Njigba;PIT;13;32;0;3;5;1;12.5%;40.6%;.111;.200;.111;.219;.222;.202;19;-0.3;-3.5;-1.1;-0.4
940;Martín Maldonado;HOU;19;66;1;3;4;0;7.6%;25.8%;.086;.200;.155;.246;.241;.226;39;-0.3;-5.1;-0.7;-0.4
941;Elehuris Montero;COL;14;45;0;6;3;0;4.4%;35.6%;.071;.346;.214;.267;.286;.248;36;-0.2;-3.7;-1.4;-0.4
942;Spencer Torkelson;DET;25;105;2;9;11;1;7.6%;21.9%;.108;.254;.215;.276;.323;.259;60;0.1;-4.9;-2.3;-0.4
943;Kolten Wong;SEA;20;71;0;7;2;0;9.9%;22.5%;.016;.229;.175;.254;.190;.210;31;-0.4;-6.2;0.0;-0.4
944;Cavan Biggio;TOR;15;48;2;5;4;1;4.2%;39.6%;.133;.125;.111;.167;.244;.183;9;0.2;-5.0;-0.5;-0.4
945;George Springer;TOR;27;114;3;10;9;5;7.0%;16.7%;.095;.205;.190;.254;.286;.243;51;0.2;-6.5;-1.3;-0.4
946;Tomás Nido;NYM;15;44;0;4;1;0;4.5%;27.3%;.000;.167;.122;.159;.122;.132;-22;-0.1;-6.7;1.1;-0.4
947;AJ Pollock;SEA;17;55;2;3;8;0;5.5%;27.3%;.157;.114;.118;.164;.275;.188;16;0.0;-5.6;-0.5;-0.4
948;Franmil Reyes;KCR;18;61;2;5;7;0;6.6%;34.4%;.109;.265;.200;.246;.309;.242;44;-0.4;-4.4;-1.8;-0.4
949;Triston Casas;BOS;24;88;3;13;6;0;17.0%;29.5%;.164;.159;.137;.284;.301;.269;62;-0.5;-4.5;-2.6;-0.4
950;Luke Voit;MIL;15;54;0;5;4;1;3.7%;31.5%;.039;.324;.216;.259;.255;.232;41;-0.5;-4.4;-1.6;-0.4
951;Dominic Smith;WSN;23;102;1;9;5;0;8.8%;18.6%;.043;.264;.217;.294;.261;.256;56;-1.0;-6.5;-1.4;-0.4
952;Lenyn Sosa;CHW;16;54;1;3;3;0;1.9%;22.2%;.094;.175;.151;.167;.245;.178;3;-0.1;-6.4;-0.2;-0.5
953;Austin Barnes;LAD;15;49;0;3;2;2;10.2%;26.5%;.000;.129;.093;.184;.093;.143;-17;0.1;-7.0;0.6;-0.5
954;Romy Gonzalez;CHW;20;34;0;2;1;1;0.0%;41.2%;.059;.200;.118;.118;.176;.124;-34;0.4;-5.0;-0.9;-0.5
955;Aaron Hicks;NYY;17;48;0;4;1;0;8.3%;27.1%;.000;.226;.159;.229;.159;.187;13;-0.2;-5.2;-1.3;-0.5
956;Miguel Cabrera;DET;14;52;0;0;3;0;5.8%;21.2%;.041;.237;.184;.231;.224;.207;24;-0.6;-5.3;-1.4;-0.5
957;Nate Eaton;KCR;12;25;0;1;0;2;0.0%;52.0%;.000;.083;.040;.040;.040;.035;-99;0.4;-5.6;-0.5;-0.5
958;Tony Kemp;OAK;23;94;1;6;6;2;10.6%;12.8%;.048;.169;.157;.245;.205;.212;33;-0.3;-7.9;-0.6;-0.5
959;Nick Gordon;MIN;19;55;0;8;2;0;1.8%;7.3%;.075;.143;.132;.148;.208;.153;-11;0.3;-7.0;-0.3;-0.5
960;Jean Segura;MIA;24;87;0;8;3;2;3.4%;16.1%;.024;.261;.217;.244;.241;.217;30;-0.5;-8.0;-0.6;-0.6
961;Jurickson Profar;COL;25;111;3;10;10;0;10.8%;22.5%;.125;.257;.219;.300;.344;.285;61;-0.6;-5.9;-3.6;-0.6
962;David Hensley;HOU;17;59;0;8;1;0;10.2%;37.3%;.019;.194;.113;.203;.132;.167;-3;0.0;-7.2;-0.8;-0.6
963;C.J. Cron;COL;23;94;4;12;11;0;2.1%;27.7%;.174;.242;.207;.223;.380;.256;42;-1.4;-8.2;-1.0;-0.6
964;Marcell Ozuna;ATL;17;63;2;4;2;0;12.7%;28.6%;.127;.086;.091;.206;.218;.200;18;-0.2;-6.6;-1.6;-0.6
965;José Abreu;HOU;26;112;0;6;11;0;2.7%;23.2%;.037;.305;.231;.259;.269;.231;42;-0.4;-8.2;-2.4;-0.7
966;Michael Massey;KCR;23;77;0;4;5;1;1.3%;37.7%;.014;.277;.176;.182;.189;.163;-10;0.3;-9.9;0.4;-0.7
967;Aledmys Díaz;OAK;24;89;1;7;5;1;5.6%;21.3%;.061;.161;.134;.202;.195;.185;14;-0.4;-9.6;-0.4;-0.7
968;Oscar Gonzalez;CLE;21;65;1;4;4;0;3.1%;20.0%;.111;.184;.159;.185;.270;.196;19;0.4;-5.9;-3.5;-0.7
969;David Peralta;LAD;23;61;1;4;9;0;1.6%;19.7%;.068;.149;.136;.148;.203;.151;-11;-0.5;-8.8;-0.6;-0.7
